title,category,answer,f1,context_has_answer,cited_any,cited_correct,dont_know
RUBIOSRESTAURANTSINC_03_31_2008-EX-10.75-SPONSORSHIP AGREEMENT,Insurance,"Yes, there is a requirement for insurance that must be maintained by one party for the benefit of the counterparty. Specifically, under the agreement, Sponsor must obtain and continuously maintain the following insurance policies at its own expense:

1. Workers' Compensation in compliance with California's laws, including Employers' Liability with minimum limits as specified.
2. An Insurance Services Office occurrence based Commercial General Liability Insurance Policy with minimum limits as specified.

These policies must be issued by an admitted insurance carrier with an A.M. Best rating. [1]",0.18181818181818182,False,True,False,False
INTERNATIONALFASTFOODCORP_04_04_1997-EX-99-FRANCHISE AGREEMENT,Ip Ownership Assignment,"I don't know.

The provided excerpts do not contain any specific clauses regarding the transfer of intellectual property from one party to the other, nor do they mention any events that would cause such a transfer. The excerpts focus on trademarks, trade names, and trade secrets [1], but do not explicitly state that these or any other intellectual property created by one party becomes the property of the other party or that such property transfers upon the occurrence of certain events.",0.2,False,True,False,True
PlayboyEnterprisesInc_20090220_10-QA_EX-10.2_4091580_EX-10.2_Content License Agreement_ Marketing Agreement_ Sales-Purchase Agreement1,Revenue/Profit Sharing,"I don't know.

The provided excerpts do not contain any information about revenue or profit sharing for technology, goods, or services between the parties.",0.037037037037037035,False,False,False,True
GpaqAcquisitionHoldingsInc_20200123_S-4A_EX-10.6_11951677_EX-10.6_License Agreement,Expiration Date,"[1] [2] The initial term of the agreement commences on the date hereof and will expire on December 31, 2028. [1] [2]",0.3333333333333333,False,True,False,False
SONUSCORP_03_12_1997-EX-10.11-SPONSORSHIP AGREEMENT,Parties,The two or more parties who signed the contract are HEALTHCARE CAPITAL CORP. and C.M. OLIVER & COMPANY LIMITED. [1] [3],0.0,True,True,True,False
BloomEnergyCorp_20180321_DRSA (on S-1)_EX-10_11240356_EX-10_Maintenance Agreement,Document Name,"The name of the contract is ""MASTER OPERATION AND MAINTENANCE AGREEMENT"" [1].",0.6666666666666666,False,True,False,False
BIOCEPTINC_08_19_2013-EX-10-COLLABORATION AGREEMENT,Rofr/Rofo/Rofn,"I don't know.

The provided excerpts do not contain any explicit clauses that grant one party a right of first refusal, right of first offer, or right of first negotiation to purchase, license, market, or distribute equity interest, technology, assets, products, or services. The excerpts discuss ownership of intellectual property, infringement, and some provisions related to third-party intellectual property, but do not mention these specific rights.",0.08,False,False,False,True
"BLUEROCKRESIDENTIALGROWTHREIT,INC_06_01_2016-EX-1.1-AGENCY AGREEMENT",Governing Law,"[1] [4] [18] [20] The contract is governed by, and construed in accordance with, the laws of the State of New York. [18] [20]",0.6842105263157895,True,True,True,False
CORIOINC_07_20_2000-EX-10.5-LICENSE AND HOSTING AGREEMENT,Anti-Assignment,"Yes, consent is required for an assignment, except in specific circumstances. According to excerpt [1], neither party may assign this Agreement or any rights or obligations hereunder without the prior written consent of the other party, except in connection with a merger, acquisition, or sale of all or substantially all of its assets related to this Agreement without such consent, except in the case where such transaction involves a direct competitor of the other party where consent of the other party will be required [1].",0.13333333333333333,True,True,False,False
VerizonAbsLlc_20200123_8-K_EX-10.4_11952335_EX-10.4_Service Agreement,Cap On Liability,"Based on the provided excerpts, there is no explicit mention of a cap on liability, a time limitation for bringing claims, or a maximum amount for recovery in the VerizonAbsLlc_20200123_8-K_EX-10.4_11952335_EX-10.4_Service Agreement. The excerpts discuss various aspects of the agreement such as the obligations of the Servicer, the Depositor, and the Indenture Trustee, but do not include specific provisions related to liability caps or limitation periods for claims. [1][2][3][4][5]",0.24074074074074073,False,True,False,False
KitovPharmaLtd_20190326_20-F_EX-4.15_11584449_EX-4.15_Manufacturing Agreement,License Grant,"Yes, the contract contains a license granted by one party to its counterparty. Specifically, [1] states ""8.2. Kitov hereby grants to Dexcel a fully paid, limited, non exclusive, license to use Kitov Data in as much as required for the provision of the Services by Dexcel.""",0.7761194029850745,True,True,True,False
UsioInc_20040428_SB-2_EX-10.11_1723988_EX-10.11_Affiliate Agreement 2,Liquidated Damages,"[1] [2] [4]

Based on the excerpts provided, there is no explicit mention of a liquidated damages clause or a termination fee in the UsioInc_20040428_SB-2_EX-10.11_1723988_EX-10.11_Affiliate Agreement 2. However, there are clauses that discuss expenses and fees upon termination:

- Excerpts [1] and [2] mention that if the Affiliate is terminated for cause, they are responsible for any expenses incurred by Network 1, including attorney fees, fines, and administration expenses.
- Excerpt [4] discusses an Exit Fee, which is a fee paid by the Affiliate immediately prior to the assignment or transfer of merchants and/or its net revenue. This fee is defined as the aggregate sum, per transferring merchant, equal to eighteen (18) months of net recurring revenue, up to a maximum of $250,000. This can be considered a form of fee upon termination.

While these clauses do not explicitly use the term ""liquidated damages,"" they do involve fees and expenses that could be incurred upon termination.",0.48039215686274506,True,True,True,False
"ROCKYMOUNTAINCHOCOLATEFACTORY,INC_12_23_2019-EX-10.2-STRATEGIC ALLIANCE AGREEMENT",Rofr/Rofo/Rofn,"[1]

Excerpt [1] mentions a ""Right of First Offer for 144 Sales"" in Section 7.1, which states that if any member of the Farids Group proposes to Transfer a Threshold Block of Shares in a 144 Sale, the Farids Group must provide a written notice to the Company at least 48 hours prior to the opening of trading. This suggests that the Company has a right of first offer in relation to the sale of a significant block of Shares by the Farids Group. Therefore, there is a clause granting one party (the Company) a right of first offer.",0.21052631578947367,False,True,False,False
ENTRUSTINC_07_24_1998-EX-10.5-STRATEGIC ALLIANCE AGREEMENT,Most Favored Nation,I don't know. The provided excerpts do not contain any clause regarding the buyer's entitlement to better terms offered by a third party.,0.1,False,False,False,True
ExactSciencesCorp_20180822_8-K_EX-10.1_11331629_EX-10.1_Promotion Agreement,Governing Law,"[4] The contract is governed by and interpreted in accordance with the substantive laws of the State of New York, without regard to conflict of law principles thereof. [4]",0.8461538461538461,True,True,True,False
"Columbia Laboratories, (Bermuda) Ltd. - AMEND NO. 2 TO MANUFACTURING AND SUPPLY AGREEMENT",Change Of Control,"Based on the information provided in the excerpts, one party does have the right to terminate the agreement if the other party undergoes a change of control event, such as a merger, stock sale, transfer of all or substantially all of its assets or business, or assignment by operation of law. Specifically, excerpt [4] mentions that Columbia Laboratories, (Bermuda) Ltd. has the right to terminate the agreement upon certain conditions, including a ""Change of Control Event with respect to Fleet"" [4, excerpt 2].",0.2528735632183908,True,True,True,False
"VISIUMTECHNOLOGIES,INC_10_20_2004-EX-10.20-DISTRIBUTOR AGREEMENT",Cap On Liability,"I don't know.

The provided excerpts do not include any information from the VISIUMTECHNOLOGIES,INC_10_20_2004-EX-10.20-DISTRIBUTOR AGREEMENT. Therefore, I cannot determine if it includes a cap on liability upon the breach of a party’s obligation, including time limitations for bringing claims or maximum amounts for recovery.",0.06896551724137932,False,False,False,True
CoherusBiosciencesInc_20200227_10-K_EX-10.29_12021376_EX-10.29_Development Agreement,Parties,"The two parties who signed the contract are Bioeq IP AG and Coherus BioSciences, Inc. [3]",0.35294117647058826,True,True,False,False
N2KINC_10_16_1997-EX-10.16-SPONSORSHIP AGREEMENT,Affiliate License-Licensee,"Yes, the contract contains a license grant to a licensee (Sponsor) and the affiliates of such licensee. Specifically, excerpt [2] states:

[2] ...Subject to the terms and conditions of this Agreement, Sponsor hereby grants to Excite a royalty-free, non-exclusive, worldwide license to use, reproduce, distribute, transmit and publicly display the Content in accordance with this Agreement and to sub-license the Content to Excite's wholly-owned subsidiaries or to joint ventures in which Excite participates for the sole purpose of using, reproducing, distributing, transmitting and publicly displaying the Content in accordance with this Agreement.",0.8767123287671234,True,True,True,False
IVILLAGEINC_03_17_1999-EX-10.16-SPONSORSHIP AGREEMENT,Governing Law,"[2] mentions that the Agreement ""shall be governed by, and construed in accordance with the laws of the State of New York without regard to the conflicts of laws principles thereof."" [4] also refers to the ""Governing Law"" section but does not provide additional details beyond what is stated in [2]. Therefore, the state's law that governs the interpretation of the contract is the laws of the State of New York.",0.5647058823529412,True,True,True,False
ORBSATCORP_08_17_2007-EX-7.3-STRATEGIC ALLIANCE AGREEMENT,Rofr/Rofo/Rofn,"No, the excerpt from ORBSATCORP_08_17_2007-EX-7.3-STRATEGIC ALLIANCE AGREEMENT does not contain any clause granting one party a right of first refusal, right of first offer, or right of first negotiation to purchase, license, market, or distribute equity interest, technology, assets, products, or services. The excerpt mentions a right of first refusal in a different context, but it is not related to the parties in this agreement [1].",0.08695652173913045,True,True,False,False
"VNUE,INC_07_10_2015-EX-10.1-SPONSORSHIP AGREEMENT",Rofr/Rofo/Rofn,"I don't know.

The provided excerpts do not include any document specifically titled ""VNUE,INC_07_10_2015-EX-10.1-SPONSORSHIP AGREEMENT"". The excerpts are from different agreements and do not contain clauses that explicitly mention a right of first refusal, right of first offer, or right of first negotiation for the specific items you mentioned (purchase, license, market, or distribute equity interest, technology, assets, products, or services).",0.07058823529411765,False,False,False,True
PHLVARIABLEINSURANCECOCT_08_17_2009-EX-10.1-STRATEGIC ALLIANCE AGREEMENT,Audit Rights,"No, the excerpts provided do not mention any audit rights for one party to audit the books, records, or physical locations of the counterparty. The closest reference is in excerpt [1], which discusses audit rights but only for reviewing the other Party's books and records to confirm compliance with pricing and payment obligations, not for physical locations. [1]",0.10389610389610389,False,True,False,False
ConformisInc_20191101_10-Q_EX-10.6_11861402_EX-10.6_Development Agreement,Ip Ownership Assignment,"Based on the excerpts provided, the intellectual property created by one party does not automatically become the property of the counterparty. However, there are provisions for the assignment of intellectual property rights:

- **Excerpt [2]** mentions that Conformis ensures its employees, consultants, and agents assign any inventions made in the course of the R&D Program to Conformis. Similarly, Stryker ensures its Affiliates and employees assign any inventions to Stryker. This suggests that inventions made by these parties are assigned to their respective companies.

- **Excerpt [4]** states that Stryker grants Conformis a non-exclusive license to Stryker Background IP and Improved Stryker Background IP for the purpose of performing obligations under the agreement and the Distribution Agreement. This indicates that Stryker's intellectual property can be used by Conformis for specific purposes but does not transfer ownership.

- **Excerpt [4]** also mentions that Conformis accepts a non-exclusive license to the Stryker Background IP and Improved Stryker Background IP, and Stryker accepts a similar license from Conformis. This suggests that the intellectual property remains with the original creator but can be licensed to the other party for specific uses.

- **Excerpt [4",0.34538152610441764,False,True,False,False
PapaJohnsInternationalInc_20190617_8-K_EX-10.1_11707365_EX-10.1_Endorsement Agreement,Cap On Liability,"The provided excerpts do not explicitly mention a cap on liability, time limitations for bringing claims, or maximum amounts for recovery in case of a breach. Therefore, I don't know if the contract includes such provisions based on the given information.",0.16666666666666669,False,False,False,True
BLUEFLYINC_03_27_2002-EX-10.27-e-business Hosting Agreement,Expiration Date,"I don't know. The provided excerpts do not specify the start date or the duration of the initial term in days, months, or years, which would be necessary to determine the expiration date of the initial term.",0.21052631578947367,False,False,False,True
Microgenics Corporation - Collaborative Development and Commercialization Agreement,Joint Ip Ownership,"Yes, there is a clause providing for joint or shared ownership of intellectual property between the parties. According to excerpt [3], ""For all other inventions and discoveries, whether or not patentable, made by the Parties as part of the Research Program, whether individually or jointly, inventorship shall be determined pursuant to the inventorship principles arising under applicable law."" This indicates that the ownership of such inventions and discoveries is to be determined by applicable law, implying a shared or joint ownership arrangement.",0.591304347826087,True,True,True,False
"HALITRON,INC_03_01_2005-EX-10.15-SPONSORSHIP AND DEVELOPMENT AGREEMENT",License Grant,"Yes, the contract contains a license granted by one party to its counterparty. Specifically, in Section 1.1 of the agreement [2], it states that ""Smith agrees to cooperate, consult with and aid TDA in connection with the development of TDA's 'Golf Instruction Related Pr' [product]."" This implies that TDA is granting Smith certain rights or permissions to assist in the development process, which can be considered a form of license. Additionally, the agreement also mentions a non-exclusive, limited license to use trademarks, service marks or trade names as described in the agreement [2, 4].",0.2809917355371901,False,True,False,False
CoherusBiosciencesInc_20200227_10-K_EX-10.29_12021376_EX-10.29_Development Agreement,Uncapped Liability,"Based on the provided excerpts, there is no explicit statement about uncapped liability for a breach of any specific obligation, including IP infringement or breach of confidentiality. The excerpts mention general provisions for indemnification and limitations of liability, but do not specify uncapped liability for any particular type of breach. Therefore, I don't have enough information to confirm if the liability is uncapped upon the breach of its obligation in the contract.

[1] [5]",0.2681564245810056,False,True,False,False
PlayboyEnterprisesInc_20090220_10-QA_EX-10.2_4091580_EX-10.2_Content License Agreement_ Marketing Agreement_ Sales-Purchase Agreement1,Rofr/Rofo/Rofn,"Yes, there is a clause granting a right of first refusal. Specifically, excerpt [5] mentions that EFS agrees to approach Licensees regarding any planned EFS Produced Merchandise and give such Licensees a seven (7) day right of first refusal with respect to the design and manufacture thereof. [5]",0.6593406593406593,True,True,True,False
CybergyHoldingsInc_20140520_10-Q_EX-10.27_8605784_EX-10.27_Affiliate Agreement,License Grant,"Yes, the contract contains a license granted by one party to its counterparty. This can be inferred from the excerpt [5] which states ""MA shall execute a Company License Agreement/Client Registration Form with Clients and present that L"", indicating that MA is required to license the Technology to Clients on behalf of the Company.",0.19047619047619047,True,True,False,False
"ADUROBIOTECH,INC_06_02_2020-EX-10.7-CONSULTING AGREEMENT",Parties,"The two parties who signed the contract are Aduro Biotech, Inc., represented by Stephen T. Isaacs in the title of President and Chief Executive Officer, and IREYA B.V represented by Andrea van Elsas in the title of Chief Scientific Officer [2].",0.052631578947368425,True,True,False,False
"OTISWORLDWIDECORP_04_03_2020-EX-10.4-INTELLECTUAL PROPERTY AGREEMENT by and among UNITED TECHNOLOGIES CORPORATION, OTIS WORLDWIDE CORPORATION and CARRIER ~1",Affiliate License-Licensor,"[4] indicates that the contract does not contain a license grant by affiliates of the licensor or that includes intellectual property of affiliates of the licensor, except in the case where such affiliate avails itself of the license to which such royalty pertains. [4]",0.1346153846153846,False,True,False,False
WPPPLC_04_30_2020-EX-4.28-SERVICE AGREEMENT,Parties,"The two parties who signed the contract are WPP 2005 Limited and John Rogers. This can be seen in excerpt [2] where it states ""AS WITNESS the hands of the Executive and of the duly authorised representatives of the Company on the date which appears first on page 1."" and the signatories are listed as ""SIGNED by WPP 2005 LIMITED acting by MARK READ"" and ""SIGNED by JOHN ROGERS"".",0.06349206349206349,True,True,False,False
CORIOINC_07_20_2000-EX-10.5-LICENSE AND HOSTING AGREEMENT,Non-Transferable License,"[4] mentions that the license granted to Corio is nontransferable except in accordance with Section 14.1 of this Agreement. Therefore, the contract does limit the ability of a party to transfer the license being granted to a third party, with some exceptions as detailed in Section 14.1. [4]",0.3089430894308943,True,True,False,False
RemarkHoldingsInc_20081114_10-Q_EX-10.24_2895649_EX-10.24_Content License Agreement,Renewal Term,"The provided excerpts do not contain specific information about the renewal term after the initial term expires, including automatic extensions or unilateral extensions with prior notice. Therefore, I don't know the exact renewal term based on the given information.",0.02666666666666667,False,False,False,True
VertexEnergyInc_20200113_8-K_EX-10.1_11943624_EX-10.1_Marketing Agreement,Revenue/Profit Sharing,"I don't know.

The provided excerpts do not contain any information about revenue or profit sharing for technology, goods, or services between the parties. They only describe the basic terms of the Joint Supply and Marketing Agreement, including the term of the agreement and the parties involved, but do not mention any specific revenue or profit sharing arrangements.",0.10958904109589042,False,False,False,True
RangeResourcesLouisianaInc_20150417_8-K_EX-10.5_9045501_EX-10.5_Transportation Agreement,Parties,"[3] According to the Transportation Services Agreement, the two parties who signed the contract are:
- Shipper: MRD Operating LLC, a Delaware limited liability company
- Carrier: PennTex North Louisiana Operating, LLC, a Delaware limited liability company",0.06451612903225806,True,True,True,False
PROLONGINTERNATIONALCORP_03_23_1998-EX-10.16-SPONSORSHIP AGREEMENT,Document Name,SPONSORSHIP AGREEMENT,1.0,True,False,False,False
CHINARECYCLINGENERGYCORP_11_14_2013-EX-10.6-Cooperation Agreement,Document Name,Project Cooperation Agreement [1],0.6666666666666666,True,True,True,False
CardlyticsInc_20180112_S-1_EX-10.16_11002987_EX-10.16_Maintenance Agreement1,Irrevocable Or Perpetual License,"Yes, the contract contains a license grant that is irrevocable and perpetual. This can be seen in excerpt [1], which states ""Supplier hereby grants Bank of America a nonexclusive, worldwide, irrevocable, perpetual license to install, use, execute and copy the Software described in each Product License Schedule.""",0.25641025641025644,False,True,False,False
MRSFIELDSORIGINALCOOKIESINC_01_29_1998-EX-10-FRANCHISE AGREEMENT,Covenant Not To Sue,"Based on the provided excerpts, there is no explicit statement regarding a party contesting the validity of the counterparty's ownership of intellectual property or bringing a claim against the counterparty for matters unrelated to the contract. Therefore, I don't know if a party is restricted from doing so based solely on the information given.",0.1098901098901099,False,False,False,True
VirtuosoSurgicalInc_20191227_1-A_EX1A-6 MAT CTRCT_11933379_EX1A-6 MAT CTRCT_License Agreement,Revenue/Profit Sharing,"Yes, one party is required to share revenue or profit with the counterparty. According to excerpt [3], ""EARNED ROYALTY shall not be due and payable to JHU on NET REVENUES generated from: (i) LICENSED PRODUCTS sold in Least Developed Countries... or (ii) LICENSED PRODUCTS sold to the Public Sector providing LICENSED PRODUCTS at a Cost-Based Price in such Least Developed Countries."" This indicates that royalties are not due in certain situations, effectively sharing the revenue or profit with the other party. Additionally, excerpt [2] defines ""NET SALES"" and ""NET SERVICE REVENUES,"" which are terms related to revenue sharing. [2]",0.13333333333333333,True,True,False,False
AIRTECHINTERNATIONALGROUPINC_05_08_2000-EX-10.4-FRANCHISE AGREEMENT,Rofr/Rofo/Rofn,"[1] describes a clause that grants AIRSOPURE a right of first refusal to purchase the franchise rights and license or stock ownership on the same terms and conditions as a bona fide offer made to the other party. Therefore, there is a clause granting one party (AIRSOPURE) a right of first refusal to purchase the franchise rights and license.",0.3076923076923077,True,True,True,False
PfHospitalityGroupInc_20150923_10-12G_EX-10.1_9266710_EX-10.1_Franchise Agreement1,Audit Rights,"I don't know. The provided excerpts do not contain information regarding the right to audit the books, records, or physical locations of the counterparty.",0.12244897959183673,False,False,False,True
ADAPTIMMUNETHERAPEUTICSPLC_04_06_2017-EX-10.11-STRATEGIC ALLIANCE AGREEMENT,Irrevocable Or Perpetual License,"Yes, the contract contains license grants that are irrevocable or perpetual. Specifically, [1] mentions ""perpetual, irrevocable"" in the context of license grants for both parties. For example, Adaptimmune grants MD Anderson a ""perpetual, irrevocable, no-cost, non-exclusive, royalty-free license"" and MD Anderson grants Adaptimmune a ""perpetual, irrevocable, no-cost, non-exclusive, royalty-free license"".",0.38554216867469876,True,True,True,False
"THERAVANCEBIOPHARMA,INC_05_08_2020-EX-10.2-SERVICE AGREEMENT",Parties,"The two parties who signed the contract are Theravance Biopharma UK Limited and Brett Haumann. This is stated in the document as follows: [1] ""PARTIES (1) Theravance Biopharma UK Limited is a company registered in the United Kingdom and whose registered office is at 12 New Fetter Lane, London, United Kingdom, EC4A 1JP (the ""Employer""); and (2) Brett Haumann of [address removed] (the ""Executive"").""",0.034482758620689655,True,True,True,False
ClickstreamCorp_20200330_1-A_EX1A-6 MAT CTRCT_12089935_EX1A-6 MAT CTRCT_Development Agreement,Warranty Duration,"I don't know. The excerpt provided does not specify the duration of any warranty against defects or errors in technology, products, or services provided under the contract.",0.06451612903225806,False,False,False,True
DataCallTechnologies_20060918_SB-2A_EX-10.9_944510_EX-10.9_Content License Agreement,Effective Date,I don't know. The specific effective date is not provided in the excerpts given.,0.0,True,False,False,True
AFSALABANCORPINC_08_01_1996-EX-1.1-AGENCY AGREEMENT,Cap On Liability,"[1] Yes, the contract includes a cap on liability. Specifically, it states that Capital Resources ""shall not be liable for any loss, liability, claim, damage or expense or be required to contribute any amount which in the aggregate exceeds the amount paid (excluding reimbursable expenses) to Capital Resources under this Agreement."" This excerpt also mentions that the limitation on liability is essential to Capital Resources and that they would not have entered into the agreement without such a limitation.",0.6902654867256637,True,True,True,False
WOMENSGOLFUNLIMITEDINC_03_29_2000-EX-10.13-ENDORSEMENT AGREEMENT,Agreement Date,"The date of the contract is not explicitly stated in the provided excerpts. However, the recitals indicate that the agreement is made on the 13th day of October, 1999 [1].",0.3448275862068966,True,True,True,False
"TALLGRASSENERGY,LP_02_20_2020-EX-99.26-JOINT FILING AGREEMENT",Parties,"Based on the information provided in the excerpts, the two parties who signed the TALLGRASSENERGY,LP_02_20_2020-EX-99.26-JOINT FILING AGREEMENT are:

- PRAIRIE ECI ACQUIROR LP [4]
- PRAIRIE NON-ECI ACQUIROR LP [4]

These parties signed the agreement as follows:

- PRAIRIE ECI ACQUIROR LP: By: BIP Holdings Manager L.L.C., its general partner, represented by /s/ Sean Klimczak [4]
- PRAIRIE NON-ECI ACQUIROR LP: By: BIP Holdings Manager L.L.C., its general partner, represented by /s/ Sean Klimczak [4]",0.1142857142857143,True,True,True,False
"Zounds Hearing, Inc. - MANUFACTURING DESIGN MARKETING AGREEMENT",Parties,"The two parties who signed the contract are Zounds Hearing, Inc. and InnerScope Hearing Technologies, Inc. [2] [3]",0.0,True,True,False,False
CHIPMOSTECHNOLOGIESBERMUDALTD_04_18_2016-EX-4.72-Strategic Alliance Agreement,Renewal Term,"Based on the information provided in the excerpts, the Strategic Alliance Agreement between ChipMOS TECHNOLOGIES INC. and Tsinghua Unigroup Ltd. does not specify a renewal term after the initial term expires. The initial term is stated to be ten (10) years from the Effective Date, but there is no mention of automatic extensions or unilateral extensions with prior notice. Therefore, I don't know the renewal term after the initial term expires. [3]",0.05063291139240506,False,True,False,True
UAGHINC_04_14_2004-EX-10.18-MAINTENANCE AGREEMENT,Anti-Assignment,"I don't know. The provided excerpts do not include any information from the UAGHINC_04_14_2004-EX-10.18-MAINTENANCE AGREEMENT. Therefore, I cannot determine if consent or notice is required for assignment to a third party based on the given information.",0.12244897959183672,False,False,False,True
2ThemartComInc_19990826_10-12G_EX-10.10_6700288_EX-10.10_Co-Branding Agreement_ Agency Agreement,Post-Termination Services,"Based on the provided excerpts, there is no explicit mention of obligations after the termination or expiration of the contract, including post-termination transition, payment, transfer of IP, wind-down, last-buy, or similar commitments. Therefore, I don't know if such obligations exist in this specific agreement.",0.18181818181818182,False,False,False,True
HarpoonTherapeuticsInc_20200312_10-K_EX-10.18_12051356_EX-10.18_Development Agreement,Non-Transferable License,"[1] [5]

The contract does not explicitly state a limitation on the ability of a party to transfer the license being granted to a third party. However, it does mention assignment and delegation in Section 13.4, which indicates that any attempted assignment or delegation in violation of this section would be void and of no effect. Additionally, the contract specifies that the grant of rights set forth in the agreement shall be binding upon any successor or permitted assignee of Harpoon. This suggests that there are conditions under which a party can transfer the license, but the exact limitations are not detailed in the provided excerpts.",0.22891566265060243,False,True,False,False
MOSSIMOINC_04_14_2000-EX-10.14-ENDORSEMENT AGREEMENT,Liquidated Damages,"I don't know.

The provided excerpts do not include any information from the MOSSIMOINC_04_14_2000-EX-10.14-ENDORSEMENT AGREEMENT. Therefore, I cannot determine if it contains a clause for liquidated damages for breach or a termination fee.",0.10526315789473684,False,False,False,True
STWRESOURCESHOLDINGCORP_08_06_2014-EX-10.1-COOPERATION AGREEMENT,Notice Period To Terminate Renewal,"I don't know.

The provided excerpts do not contain specific information about the notice period required to terminate renewal in the STWRESOURCESHOLDINGCORP_08_06_2014-EX-10.1-COOPERATION AGREEMENT. The excerpts discuss force majeure and notice of breach but do not specify a renewal termination notice period.",0.10526315789473685,False,False,False,True
"SUCAMPOPHARMACEUTICALS,INC_11_04_2015-EX-10.2-STRATEGIC ALLIANCE AGREEMENT",Third Party Beneficiary,[2] No current or former employee or any other individual associated with the Company shall be regarded as a third party beneficiary of this Agreement or have a right to enforce any provisions hereof.,0.20338983050847456,False,True,False,False
ACCELERATEDTECHNOLOGIESHOLDINGCORP_04_24_2003-EX-10.13-JOINT VENTURE AGREEMENT,Governing Law,"According to excerpt [2], the Joint Venture Agreement is governed by the laws of the Commonwealth of Pennsylvania. Specifically, it states [2, line 14]: ""The Joint Venturers declare that in entering into this Agreement, they have contracted with reference to the laws of the Commonwealth of Pennsylvania, and the construction and interpretation of the terms and provisions of this Agreement shall be interpreted and construed under the laws of the Commonwealth of Pennsylvania, except in such cases and to such extent as the laws of another jurisdiction shall necessarily control.""",0.8467153284671534,True,True,True,False
FuelcellEnergyInc_20191106_8-K_EX-10.1_11868007_EX-10.1_Development Agreement,Non-Transferable License,"[2] [4] [5]

The contract does not explicitly state any limitations on the ability of a party to transfer the license being granted to a third party. However, it does mention that the relationship between the parties is that of independent contractors and that the parties enter into the agreement solely on their own behalf [3]. Additionally, Article 14 (Assignment) is included in the list of sections that continue post-termination or expiration, which might imply that the rights and obligations related to the license could be assigned, but the specific terms for assignment are not detailed in the excerpts provided [5].",0.2318840579710145,False,True,False,False
"PAXMEDICA,INC_07_02_2020-EX-10.12-Master Service Agreement",Document Name,"The name of the contract is ""Master Service Agreement"" [1].",0.5454545454545454,True,True,True,False
QuantumGroupIncFl_20090120_8-K_EX-99.2_3672910_EX-99.2_Hosting Agreement,Parties,"Based on the excerpts provided, the two parties who signed the contract are International Business Machines Corporation (""IBM"") and The Quantum Group Inc., referred to as ""Customer"" [1].",0.07999999999999999,True,True,True,False
"FIDELITYNATIONALINFORMATIONSERVICES,INC_08_05_2009-EX-10.3-INTELLECTUAL PROPERTY AGREEMENT",License Grant,"Yes, the contract does contain a license granted by one party to its counterparty. Specifically, [4] states ""Section 4.1, as between the parties, the Licensed Equifax Materials shall be and shall remain the sole and exclusive property of the Equifax Group"" and ""Equifax hereby grants, and will cause each member of the Equifax Group to grant, to Certegy and each member of the Certegy Group a non-exclusive, non-transferable, non-sublicensable license to use the Licensed Equifax Materials.""",0.26666666666666666,False,True,False,False
EtonPharmaceuticalsInc_20191114_10-Q_EX-10.1_11893941_EX-10.1_Development Agreement,Document Name,EXCLUSIVE LICENSE AND PRODUCT DEVELOPMENT AGREEMENT [2],0.923076923076923,True,True,True,False
LegacyEducationAllianceInc_20200330_10-K_EX-10.18_12090678_EX-10.18_Development Agreement,Exclusivity,"Based on the provided excerpts, there is no explicit mention of an exclusive dealing commitment. The agreement does not indicate a requirement for Legacy Education Alliance Holdings, Inc. (LEA) to procure all its requirements from T&B Seminars, Inc. (T&B) or any prohibition on LEA licensing or selling technology, goods, or services to third parties, or collaborating with other parties. Therefore, I don't know if there is an exclusive dealing commitment in this agreement.",0.1592920353982301,False,False,False,True
NEONSYSTEMSINC_03_01_1999-EX-10.5-DISTRIBUTOR AGREEMENT_New,Cap On Liability,"The provided excerpts do not contain specific details about a liability cap or time limitation for bringing claims in the NEONSYSTEMSINC_03_01_1999-EX-10.5-DISTRIBUTOR AGREEMENT. Therefore, I don't know if the contract includes a cap on liability upon the breach of a party’s obligation or any time limitation for the counterparty to bring claims or maximum amount for recovery based on the given information.",0.1804511278195489,False,False,False,True
ArmstrongFlooringInc_20190107_8-K_EX-10.2_11471795_EX-10.2_Intellectual Property Agreement,Ip Ownership Assignment,"Based on the excerpts provided, the answer is no, intellectual property created by one party does not automatically become the property of the counterparty under the terms of the contract or upon the occurrence of certain events. Specifically, excerpt [3] states that ""in case either such Party files any new Intellectual Property registration to the extent covering the Licensed IP, such new Intellectual Property registration shall automatically become Licensed IP."" However, this only applies to new Intellectual Property created by the licensing Party (Arizona) or the Buyer Entities (with respect to Company Licensed IP) and filed in their names. It does not imply that intellectual property created independently by a licensee Party or its Sublicensees would automatically become the property of the other party. [3] [4]",0.13533834586466167,False,True,False,False
BloomEnergyCorp_20180321_DRSA (on S-1)_EX-10_11240356_EX-10_Maintenance Agreement,Cap On Liability,"[2] mentions a ""Maximum Liability"" which is defined as ""the aggregate Residual Value of the Portfolio as of such date, and with respect to Owner, One Million Dollars ($1,000,000)"" [2]. This indicates that there is a cap on liability. However, the excerpt does not provide information on time limitations for bringing claims or the maximum amount for recovery beyond the definition of Maximum Liability. Therefore, based on the provided excerpts, we know there is a cap on liability but not the full details of the time limitations or maximum recovery amount.",0.2631578947368421,False,True,False,False
SUNTRONCORP_05_17_2006-EX-10.22-MAINTENANCE AGREEMENT,Covenant Not To Sue,"Based on the provided excerpts, the agreement does not explicitly state that a party is restricted from contesting the validity of the counterparty's ownership of intellectual property or bringing a claim against the counterparty for matters unrelated to the contract. The excerpts focus on the maintenance agreement and indemnification clauses [2], but do not provide information on the general restrictions or limitations on contesting intellectual property ownership or bringing unrelated claims. Therefore, I don't know if there are such restrictions based on the given information.",0.18050541516245489,False,True,False,True
EUROPEANMICROHOLDINGSINC_03_06_1998-EX-10.6-DISTRIBUTOR AGREEMENT,Termination For Convenience,"I don't know.

The provided excerpts are from different distributor agreements and do not specifically pertain to EUROPEANMICROHOLDINGSINC_03_06_1998-EX-10.6-DISTRIBUTOR AGREEMENT. Therefore, I cannot determine the terms of termination without cause for that specific agreement from the given information.",0.11538461538461539,False,False,False,True
HOLIDAYRVSUPERSTORESINC_04_15_2002-EX-10.13-ENDORSEMENT AGREEMENT,Affiliate License-Licensee,"[1] [3] [4]

Based on the excerpts provided, the contract in HOLIDAYRVSUPERSTORESINC_04_15_2002-EX-10.13-ENDORSEMENT AGREEMENT does not explicitly mention a license grant to a licensee (including a sublicensor) and the affiliates of such licensee/sublicensor. The agreement mentions an endorsement agreement between Holiday RV Superstores, Inc. and Affinity Group, Inc., but it does not include a detailed section on granting rights to a licensee or sublicensor, nor does it mention affiliates. Therefore, based on the given information, I cannot confirm the presence of such a license grant.",0.17647058823529413,False,True,False,False
OLDAPIWIND-DOWNLTD_01_08_2016-EX-1.3-AGENCY AGREEMENT1,Third Party Beneficiary,"Yes, based on excerpt [5], the Subscribers are beneficiaries of the representations and warranties made by the Corporation. The agents are constituted as trustees for the Subscribers and are entitled to enforce such representations and warranties on behalf of the Subscribers. [5]",0.3098591549295775,False,True,False,False
PerformanceSportsBrandsInc_20110909_S-1_EX-10.10_7220214_EX-10.10_Endorsement Agreement,Insurance,"Yes, there is a requirement for insurance that must be maintained by one party for the benefit of the counterparty. Specifically, [4] states that ""North's Endorsement or North's services hereunder"" must be insured with a policy of insurance with limits of not less than two million dollars ($2,000,000) to be maintained by the company against any claims, suits, losses, and damages arising out of or caused by the company's use of North's Likeness.",0.4695652173913043,True,True,True,False
HEALTHGATEDATACORP_11_24_1999-EX-10.1-HOSTING AND MANAGEMENT AGREEMENT (1),Non-Transferable License,"[2] mentions that ""HealthGate shall not transfer or assign the whole or any part of this Agreement without the prior written consent of the Publishers."" This implies that the contract does limit the ability of a party to transfer the license being granted to a third party, as such a transfer would require the Publishers' prior written consent. [1] details the terms of the license that HealthGate may grant to the Publishers upon termination, but it does not explicitly address third-party transfers. Therefore, based on the information provided, the answer is that the contract does limit the ability to transfer the license to a third party without the Publishers' consent. [2]",0.25,False,True,False,False
"VIRTUALSCOPICS,INC_11_12_2010-EX-10.1-STRATEGIC ALLIANCE AGREEMENT",Rofr/Rofo/Rofn,"I don't know.

Based on the provided excerpts, there is no explicit mention of a right of first refusal, right of first offer, or right of first negotiation for the purchase, license, market, or distribute equity interest, technology, assets, products, or services. The excerpts discuss the terms of the agreement, including integration services, pricing, discounts, and booking thresholds, as well as the method of giving notice and the execution of the agreement. However, they do not contain information about any specific rights of first refusal, offer, or negotiation.",0.09433962264150944,False,False,False,True
PFSFUNDS_06_26_2020-EX-99.H OTH MAT CONT-SERVICES AGREEMENT,Expiration Date,"I don't know. The provided excerpt does not specify an expiration date for the initial term of the contract. It only mentions the agreement date as June 24, 2020, but the duration of the initial term is not detailed in the given text.",0.25,False,False,False,True
AIRTECHINTERNATIONALGROUPINC_05_08_2000-EX-10.4-FRANCHISE AGREEMENT,Parties,"I don't know. The excerpts provided do not specify the names or identities of the parties who signed the contract. They only refer to ""Associate"" and ""Company"" in a general sense.",0.058823529411764705,False,False,False,True
TEARDROPGOLFCO_10_23_1996-EX-10.12-ENDORSEMENT AGREEMENT,Post-Termination Services,"Based on the provided excerpts, there is no explicit mention of obligations after the termination or expiration of the contract, including post-termination transition, payment, transfer of IP, wind-down, last-buy, or similar commitments in the TEARDROPGOLFCO_10_23_1996-EX-10.12-ENDORSEMENT AGREEMENT. Therefore, I don't know if a party is subject to such obligations.",0.1964285714285714,False,False,False,True
"GIGGLESN_HUGS,INC_06_23_2016-EX-10.2-STRATEGIC ALLIANCE AGREEMENT",Effective Date,"The effective date of the agreement is May 17, 2016, as stated in excerpt [1].",0.375,True,True,True,False
LOOKSMARTLTD_07_20_2012-EX-99.(D)(I)-SPONSORSHIP AGREEMENT,Expiration Date,I don't know. The excerpt provided does not specify an expiration date for the initial term of the contract.,0.09999999999999999,False,False,False,True
VirtuosoSurgicalInc_20191227_1-A_EX1A-6 MAT CTRCT_11933379_EX1A-6 MAT CTRCT_License Agreement,Revenue/Profit Sharing,"Yes, one party is required to share revenue or profit with the counterparty. According to excerpt [3], ""EARNED ROYALTY shall not be due and payable to JHU on NET REVENUES generated from: (i) LICENSED PRODUCTS sold in Least Developed Countries..."". This indicates that royalties are shared based on certain conditions, specifically in relation to sales in Least Developed Countries. Additionally, excerpt [5] mentions ""LICENSE FEES and ROYALTY"", indicating that there is a financial sharing mechanism in place. [3], [5]",0.25503355704697983,True,True,True,False
BloomEnergyCorp_20180321_DRSA (on S-1)_EX-10_11240356_EX-10_Maintenance Agreement,License Grant,"I don't know.

The provided excerpts do not contain any explicit mention of a license granted by one party to its counterparty. To determine if such a license exists, we would need to review the specific sections of the agreement related to rights and permissions, which are not detailed in the given excerpts.",0.2298850574712644,False,False,False,True
NEOMEDIATECHNOLOGIESINC_12_15_2005-EX-16.1-DISTRIBUTOR AGREEMENT,License Grant,"I don't know.

The provided excerpts do not contain any information related to NEOMEDIATECHNOLOGIESINC_12_15_2005-EX-16.1-DISTRIBUTOR AGREEMENT. The excerpts are from different agreements and do not provide the necessary context to answer the question about the specific contract mentioned.",0.08333333333333331,False,False,False,True
CHANGEPOINTCORP_03_08_2000-EX-10.6-LICENSE AND HOSTING AGREEMENT,Cap On Liability,"Yes, the contract includes limitations on liability and a time limitation for bringing claims. Specifically, [1] states that ChangePoint will not be liable for special, incidental, indirect, or consequential losses, and [6] mentions a two-year limitation period for bringing actions arising out of or related to the agreement. [1] also indicates that the limitations, exclusions, and disclaimers apply irrespective of the nature of the cause of action.",0.18556701030927836,False,True,False,False
"MetLife, Inc. - Remarketing Agreement",Insurance,"I don't know.

The provided excerpts do not contain any specific information regarding insurance requirements that one party must maintain for the benefit of the counterparty in the MetLife, Inc. - Remarketing Agreement.",0.09523809523809523,False,False,False,True
GluMobileInc_20070319_S-1A_EX-10.09_436630_EX-10.09_Content License Agreement1,Minimum Commitment,"I don't know.

The provided excerpts do not contain any information about minimum order sizes, minimum amounts, or units per time period that one party must buy from the counterparty.",0.03703703703703704,False,False,False,True
PfHospitalityGroupInc_20150923_10-12G_EX-10.1_9266710_EX-10.1_Franchise Agreement1,Insurance,"Yes, there are requirements for insurance that must be maintained by one party for the benefit of the counterparty. According to excerpts [1] and [2], the franchisee must maintain certain types of insurance, including:

- Commercial general liability insurance [2]
- Workers' compensation coverage [1][2]
- Unemployment insurance [1][2]
- Employer's liability insurance [1]
- Fire, lightning, vandalism, theft, malicious mischief, flood, sprinkler damage, and extended-coverage insurance [1]
- Automobile liability insurance [1]

These policies must name the franchisor as an additional insured party and must be written by an insurance company with an A.M. Best rating of ""A"" or better, as reasonably satisfactory to the franchisor. [2]",0.21666666666666662,False,True,False,False
"NETGEAR,INC_04_21_2003-EX-10.16-AMENDMENT TO THE DISTRIBUTOR AGREEMENT BETWEEN INGRAM MICRO AND NETGEAR",Agreement Date,"The date of the original Distributor Agreement is March 1, 1996 [1]. The first amendment was effective October 1, 1996 [2]. The second amendment was on July 15, 1998 [3]. Therefore, the specific date of the contract you are asking about is not directly stated, but the key dates are March 1, 1996 (original agreement), October 1, 1996 (first amendment), and July 15, 1998 (second amendment).",0.03278688524590164,True,True,True,False
VERTICALNETINC_04_01_2002-EX-10.19-MAINTENANCE AND SUPPORT AGREEMENT,Cap On Liability,"[2] describes a cap on liability for damages, specifying that the aggregate liability of a party does not exceed certain amounts paid by the other party for maintenance and support services during a specific period. This excerpt indicates that there is indeed a cap on liability upon the breach of a party's obligation, including both a time limitation for bringing claims and a maximum amount for recovery.",0.14953271028037382,False,True,False,False
LEJUHOLDINGSLTD_03_12_2014-EX-10.34-INTERNET CHANNEL COOPERATION AGREEMENT,Parties,"The two parties who signed the contract are:

- Party A: Beijing Baidu Netcom Science and Technology Co., Ltd.
- Party B: China Online Housing (Hong Kong) Co., Ltd.
- Party C: Beijing Yisheng Leju Information Services Co., Ltd., which is severally and jointly liable for Party B's obligations under the agreement [2].",0.2641509433962264,True,True,False,False
"FOUNDATIONMEDICINE,INC_02_02_2015-EX-10.2-Collaboration Agreement",Post-Termination Services,"[1] [3]

From excerpt [1], we can see that several provisions survive the termination or expiration of the agreement, including those related to confidentiality [17.6], indemnification [14], and governing law [19.1]. However, it does not explicitly list post-termination transition, payment, transfer of IP, wind-down, last-buy, or similar commitments.

From excerpt [3], it is clear that obligations continue after termination or expiration, including the return or destruction of confidential information and monitoring compliance with confidentiality obligations. This suggests that there are post-termination obligations, but the specific commitments like wind-down, last-buy, or similar are not explicitly mentioned in the provided excerpts.",0.20547945205479454,False,True,False,False
PREMIERBIOMEDICALINC_05_14_2020-EX-10.2-INTELLECTUAL PROPERTY AGREEMENT,License Grant,"I don't know.

The provided excerpts do not contain a clear statement of a license granted by one party to its counterparty in the PREMIERBIOMEDICALINC_05_14_2020-EX-10.2-INTELLECTUAL PROPERTY AGREEMENT. Excerpts [1] and [4] discuss the agreement's parties and some terms but do not explicitly mention a license grant. Excerpts from other agreements [2], [3], and [5] discuss licenses, but they are from different agreements and do not pertain to the specific agreement in question.",0.12962962962962965,False,True,False,True
LinkPlusCorp_20050802_8-K_EX-10_3240252_EX-10_Affiliate Agreement,Rofr/Rofo/Rofn,"[1] describes a right of first refusal in the context of an Affiliate Agreement, where Network 1 has the exclusive right to purchase or acquire an Affiliate under certain conditions. However, the specific document you are asking about, LinkPlusCorp_20050802_8-K_EX-10_3240252_EX-10_Affiliate Agreement [4], does not contain any explicit clause granting a right of first refusal, right of first offer, or right of first negotiation as per the question. Therefore, based on the provided excerpts, I don't know if such a clause exists in this specific document.",0.09600000000000002,False,True,False,True
AIRSPANNETWORKSINC_04_11_2000-EX-10.5-Distributor Agreement,Document Name,"The name of the contract is ""Distributor Agreement"" [2].",0.4444444444444445,True,True,True,False
CHIPMOSTECHNOLOGIESBERMUDALTD_04_18_2016-EX-4.72-Strategic Alliance Agreement,Parties,The two parties who signed the contract are ChipMOS TECHNOLOGIES INC. and Tsinghua Unigroup Ltd. [1],0.4,True,True,True,False
BellringBrandsInc_20190920_S-1_EX-10.12_11817081_EX-10.12_Manufacturing Agreement1,Insurance,"Yes, there is a requirement for insurance that must be maintained by one party for the benefit of the counterparty. Specifically, under the agreement, Manufacturer (likely BellringBrandsInc) is required to provide certain types of insurance coverage for the benefit of Customer (likely PNC or another party). This includes:

- Aggregate, including Contractual, Completed-Operations and Product-Liability Coverage with a limit of $[***] for each occurrence, covering both bodily injury and property damage liability [4, excerpt 4].
- Umbrella/Excess Liability with a limit of $[***] [4, excerpt 4].
- Workers' Compensation Coverage plus Occupational Disease Insurance if required by law [4, excerpt 4].
- Auto Liability with a limit of $[***] combined single limit [4, excerpt 4].
- Product Recall Insurance coverage for Products determined to be in violation of laws with limits of $[***] per policy year [4, excerpt 4].

Additionally, Heritage and Jasper are required to have Premier named as an additional insured on their insurance policies for certain types of coverage [4, excerpt 4].",0.39215686274509803,True,False,False,False
DIVERSINETCORP_03_01_2012-EX-4-RESELLER AGREEMENT,Non-Transferable License,"Yes, the contract limits the ability of a party to transfer the license being granted to a third party. According to excerpt [1], ""Reseller's customers (the ""Customers"") are defined as those organizations/enterprises that will market and manage the end-users of the Products (the ""End-Users""). Reseller acknowledges and agrees that it does not have the right to assign sub-resellers under this Agreement outside of the Territory, except with the prior written consent of Diversinet."" [1]",0.1282051282051282,False,True,False,False
WebmdHealthCorp_20050908_S-1A_EX-10.7_1027007_EX-10.7_Content License Agreement,Anti-Assignment,"Based on the excerpts provided, consent or notice is required for an assignment in the WebmdHealthCorp_20050908_S-1A_EX-10.7_1027007_EX-10.7_Content License Agreement. Specifically, excerpt [4] states:

7. Assignment. Neither party shall have the right to sell, assign, transfer or hypothecate (all hereinafter referred to as ""assign"" or ""assignment"") this Agreement, or delegate any of its obligations hereunder, voluntarily or by operation of law, without the prior written consent of the other party. Any such purported assignment or delegation without such prior written consent shall be null and void and have no force and effect. [4]",0.6507936507936508,True,True,False,False
PhasebioPharmaceuticalsInc_20200330_10-K_EX-10.21_12086810_EX-10.21_Development Agreement,Anti-Assignment,[3],0.0,False,True,False,False
UpjohnInc_20200121_10-12G_EX-2.6_11948692_EX-2.6_Manufacturing Agreement_ Supply Agreement,Audit Rights,"Yes, a party has the right to audit the books, records, or physical locations of the counterparty to ensure compliance with the contract. This can be seen in [3], which states that ""Customer or its representatives, including its external auditors, may audit such Records and physical locations as may be necessary to verify compliance with this Agreement.""",0.2592592592592593,False,True,False,False
PhoenixNewMediaLtd_20110421_F-1_EX-10.17_6958322_EX-10.17_Content License Agreement,Parties,"The two parties who signed the contract are Phoenix Satellite Television Company Limited and Beijing Tianying Jiuzhou Network Technology Co., Ltd. [1]",0.5185185185185185,True,True,True,False
NEXSTARFINANCEHOLDINGSINC_03_27_2002-EX-10.26-OUTSOURCING AGREEMENT,Termination For Convenience,"Yes, according to the agreement, a party can terminate the contract without cause by providing written notice and allowing a waiting period to expire. Specifically, Nexstar can terminate the agreement by written notice to WYZZ with six (6) months prior notice [2].",0.26470588235294124,True,True,True,False
ConformisInc_20191101_10-Q_EX-10.6_11861402_EX-10.6_Development Agreement,Anti-Assignment,"[1] mentions that consent is not required for assignment to an Affiliate under certain conditions, and assignment to a Third Party in connection with the sale or transfer of all or substantially all of the assigning Party's business or assets relating to the subject matter of the Agreement. Therefore, in some cases, no consent or notice is required.",0.125,False,True,False,False
FIBROGENINC_10_01_2014-EX-10.11-COLLABORATION AGREEMENT,Warranty Duration,"Based on the excerpts provided, the specific duration of any warranty against defects or errors in technology, products, or services provided under the contract is not explicitly stated. Therefore, I don't know the exact duration from the given information.",0.1320754716981132,False,False,False,True
PerformanceSportsBrandsInc_20110909_S-1_EX-10.10_7220214_EX-10.10_Endorsement Agreement,Volume Restriction,"Based on the provided excerpts, there is no explicit mention of a fee increase or consent requirement if one party's use of the product or services exceeds a certain threshold. The agreement does discuss compensation [2, 3], but it does not specify any conditions for increased fees based on usage thresholds. Therefore, I don't know if there is such a provision in this agreement.",0.1411764705882353,True,False,False,True
SPHERE3DCORP_06_24_2020-EX-10.12-CONSULTING AGREEMENT,Parties,"The two or more parties who signed the contract are Sphere 3D Corp. and GROUPE PARAMEUS CORP. This can be inferred from the signatures section of the agreement [1], which shows ""Sphere 3D Corp."" signed by Peter Tassiopoulos in the CEO capacity and ""GROUPE PARAMEUS CORP."" signed by Samuel Kafkas in the President capacity.",0.11764705882352941,True,True,True,False
MANUFACTURERSSERVICESLTD_06_05_2000-EX-10.14-OUTSOURCING AGREEMENT,Expiration Date,"Based on the information provided in excerpt [4], the initial term of the contract will expire on March 31, 2000. [4]",0.16326530612244897,False,True,False,False
"GSITECHNOLOGYINC_11_16_2009-EX-10.2-INTELLECTUAL PROPERTY AGREEMENT between SONY ELECTRONICS INC. and GSI TECHNOLOGY, INC.",Effective Date,"[1] The Effective Date of the agreement is August 28, 2009. [1]",0.25,False,True,False,False
GluMobileInc_20070319_S-1A_EX-10.09_436630_EX-10.09_Content License Agreement1,Revenue/Profit Sharing,"Based on the provided excerpts, there is no explicit mention of one party being required to share revenue or profits with the counterparty for any technology, goods, or services. The excerpts discuss distribution efforts, market penetration targets, confidentiality, and the first sale doctrine, but do not indicate any revenue or profit sharing arrangements. Therefore, I don't know if revenue or profit sharing is required based on the given information.",0.11290322580645162,False,False,False,True
AimmuneTherapeuticsInc_20200205_8-K_EX-10.3_11967170_EX-10.3_Development Agreement,Parties,"The two parties who signed the contract are Xencor, Inc. and Aimmune Therapeutics, Inc. [1]",0.14285714285714288,True,True,False,False
ACCURAYINC_09_01_2010-EX-10.31-DISTRIBUTOR AGREEMENT,Uncapped Liability,"Based on the excerpt from ACCURAYINC_09_01_2010-EX-10.31-DISTRIBUTOR AGREEMENT [3], a party's liability is capped for most breaches, but there are exceptions where liability is not capped:

- For breaches related to unauthorized use of Intellectual Property, intentional breach or willful misconduct, and non-compliance with mandatory applicable laws or regulations, the liability is not capped [3, excerpt 3].

- For other breaches, the liability is capped at the aggregate amount of the purchase prices paid by Distributor to Accuray for Products during the twelve calendar months preceding the date of the notification of the claim [3, excerpt 3].

So, the answer is no, a party’s liability is not uncapped in all situations. There are specific types of breaches where liability is uncapped, such as IP infringement or breaches of confidentiality obligations.",0.29807692307692313,False,True,False,False
AIRTECHINTERNATIONALGROUPINC_05_08_2000-EX-10.4-FRANCHISE AGREEMENT,Expiration Date,"[2] mentions that the term of the agreement is for 10 years commencing on the date of execution of the agreement by AIRSOPURE. However, the specific execution date is not provided in the given excerpts. Therefore, I don't know the exact expiration date of the initial term.",0.5172413793103449,True,True,True,True
"VAPOTHERM, INC. - Manufacturing and Supply Agreement",Notice Period To Terminate Renewal,You don't know. The provided excerpts do not contain information about a notice period for terminating a renewal.,0.047058823529411764,False,False,False,True
"INTELLIGENTHIGHWAYSOLUTIONS,INC_01_18_2018-EX-10.1-Strategic Alliance Agreement",Agreement Date,"The date of the contract is January 10, 2018 [1].",0.4615384615384615,True,True,True,False
N2KINC_10_16_1997-EX-10.16-SPONSORSHIP AGREEMENT,Expiration Date,"[1] The contract's initial term will expire on June 30, 2010.",0.20689655172413793,False,True,False,False
"KIROMICBIOPHARMA,INC_04_08_2020-EX-10.28-JOINT VENTURE AGREEMENT",Governing Law,"[2] The contract is governed by the laws of the State of New York, United States. [2]",0.08219178082191782,True,True,False,False
ZEBRATECHNOLOGIESCORP_04_16_2014-EX-10.1-INTELLECTUAL PROPERTY AGREEMENT,Parties,"The two parties who signed the contract are Motorola Solutions, Inc. and Zebra Technologies Corporation. This can be seen in the recitals where it states ""Motorola Solutions, Inc., a Delaware corporation (the ""Seller""), and Zebra Technologies Corporation, a Delaware corporation (the ""Purchaser"")."" [1]",0.05405405405405406,True,True,True,False
SFGFINANCIALCORP_05_12_2009-EX-10.1-SOFTWARE LICENSE AND MAINTENANCE AGREEMENT,License Grant,"Yes, the contract contains a license granted by one party to its counterparty. Specifically, [1] states ""WHEREAS, Licensor is the owner of a certain proprietary trading software known as the ""E-Path FX Trading Platform"", specifically, and variations thereof, along with documentation and related information, including the intellectual property rights pertaining thereto:"" and ""II. Licensee acknowledges and agrees that:"" indicating that Licensor grants Licensee a license to the E-Path FX Trading Platform.",0.2807017543859649,False,True,False,False
EUROPEANMICROHOLDINGSINC_03_06_1998-EX-10.6-DISTRIBUTOR AGREEMENT,Effective Date,"The contract is effective as of November 5, 1997 [1].",0.5,True,True,True,False
ALLIANCEBANCORPINCOFPENNSYLVANIA_10_18_2006-EX-1.2-AGENCY AGREEMENT,Parties,"Based on the excerpts provided, the two or more parties who signed the contract are the Agent, the Company, the MHCs, and the Bank. This can be inferred from the following excerpt:

[2] (client A) ALLIANCEBANCORPINCOFPENNSYLVANIA_10_18_2006-EX-1.2-AGENCY AGREEMENT
This Agreement represents the entire understanding of the parties hereto with reference to the transactions contemplated hereby and supersedes any and all other oral or written agreements heretofore made, except for the engagement letter dated May 11, 2006, by and between the Agent and the Bank, relating to the Agent's providing conversion agent services to the Company and the Bank.

[3] (client A) ALLIANCEBANCORPINCOFPENNSYLVANIA_10_18_2006-EX-1.2-AGENCY AGREEMENT
This Agreement shall inure to the benefit of and be binding upon, the parties hereto and their respective successors and assigns.

[5] (client A) ALLIANCEBANCORPINCOFPENNSYLVANIA_",0.03539823008849558,False,True,False,False
ENTRUSTINC_07_24_1998-EX-10.5-STRATEGIC ALLIANCE AGREEMENT,License Grant,"Yes, the contract contains a license granted by one party to its counterparty. Specifically, [1] states that the Patent License is granted by one party (the Grantor) to the other party (the Grantee) under the terms of the agreement.",0.1142857142857143,False,True,False,False
DRAGONSYSTEMSINC_01_08_1999-EX-10.17-OUTSOURCING AGREEMENT,Parties,"The two parties who signed the contract are:

- MODUS MEDIA INTERNATIONAL (MMI) [1]
- DRAGON SYSTEMS, INC. [1]",0.33333333333333337,True,True,True,False
"FOUNDATIONMEDICINE,INC_02_02_2015-EX-10.2-Collaboration Agreement",Expiration Date,"The initial term of the Immunotherapy Testing Platform Development Program will expire five (5) years after the Effective Date [4]. Without the specific date of the Effective Date provided, we cannot determine the exact expiration date.",0.23076923076923075,False,True,False,False
ANIXABIOSCIENCESINC_06_09_2020-EX-10.1-COLLABORATION AGREEMENT,Non-Compete,"I don't know.

The provided excerpts do not contain any specific clauses or provisions regarding competition, geographic restrictions, or sector-specific prohibitions. The excerpts focus on intellectual property ownership, confidentiality, and the rights and responsibilities of each party during the collaboration, but do not mention any competitive restrictions or geographical or sector-specific limitations.",0.1904761904761905,False,False,False,True
SMITHELECTRICVEHICLESCORP_04_04_2012-EX-10.26-FLEET MAINTENANCE AGREEMENT,Cap On Liability,"The provided excerpts do not explicitly mention a cap on liability, time limitations for bringing claims, or a maximum amount for recovery. Therefore, I don't know if the contract includes such provisions based on the given information.",0.028985507246376812,False,False,False,True
"Array BioPharma Inc. - LICENSE, DEVELOPMENT AND COMMERCIALIZATION AGREEMENT",License Grant,"Yes, the contract contains a license granted by one party to its counterparty. Specifically, [1] mentions the grant of licenses, and [2] and [4] detail the terms of these licenses. For instance, [4] states, ""Subject to the terms and conditions of this Agreement, including without limitation Array's retained rights under Section 2.1(e) below, Array grants to Ono a non-exclusive, worldwide, royalty-free license, with the right to issue and authorize sublicenses through multiple tiers, to make, use, sell, offer for sale, import, the Products (collectively, the ""License"").""",0.40259740259740256,False,True,False,False
DYNTEKINC_07_30_1999-EX-10-ONLINE HOSTING AGREEMENT,Change Of Control,"[1] doesn't explicitly mention termination rights in case of a change of control, merger, stock sale, transfer of assets, or assignment by operation of law. Therefore, I don't know if one party has the right to terminate or if consent or notice is required from the counterparty in such scenarios based on the provided excerpts.",0.1323529411764706,False,True,False,True
USASYNTHETICFUELCORP_10_21_2010-EX-10.10-STRATEGIC ALLIANCE AGREEMENT,Minimum Commitment,"I don't know.

The provided excerpts do not specify any minimum order size, minimum amount, or units per-time period that one party must buy from the counterparty under the Strategic Alliance Agreement.",0.10526315789473682,False,False,False,True
IpassInc_20181203_8-K_EX-99.1_11445874_EX-99.1_Reseller Agreement,Non-Transferable License,"[1] [3]

From excerpt [1], it is clear that the license granted to the party is ""non-transferable."" From excerpt [3], it further elaborates that ""All rights in and to the foregoing not expressly granted to Channel Partner in this Agreement are reserved to iPass and its suppliers."" This implies that the ability to transfer the license is not granted and is therefore limited.

So, yes, the contract limits the ability of a party to transfer the license being granted to a third party.",0.28787878787878785,True,True,True,False
BEYONDCOMCORP_08_03_2000-EX-10.2-CO-HOSTING AGREEMENT,Audit Rights,"Yes, according to excerpt [1], NAI has the right to audit Co-Host's records and allow NAI's independent auditors to audit Co-Host's accounting records from time to time, not more than once every six months, to ensure compliance with the terms of the agreement. Co-Host must permit such audits within 15 days of receiving NAI's written request during normal business hours.",0.5979381443298969,True,True,True,False
"HOSPITALITYINVESTORSTRUST,INC_04_07_2014-EX-10.26-FRANCHISE AGREEMENT",Anti-Assignment,"[1] mentions that a Party can assign the agreement to a Third Party in certain circumstances without the need for the other Party's consent, specifically in the context of a sale of all or substantially all of the assigning Party's business or assets related to the subject matter of the agreement, or to an Affiliate under certain conditions. Therefore, in some cases, consent or notice is not required. However, for a general third-party assignment, the excerpts do not explicitly state whether consent or notice is required, only that it is permitted without consent in specific scenarios.",0.09433962264150943,False,True,False,False
NEXSTARFINANCEHOLDINGSINC_03_27_2002-EX-10.26-OUTSOURCING AGREEMENT,Minimum Commitment,"I don't know.

The provided excerpts from NEXSTARFINANCEHOLDINGSINC_03_27_2002-EX-10.26-OUTSOURCING AGREEMENT do not contain any information regarding minimum order sizes or minimum amounts or units per time period for one party to buy from the counterparty. The excerpts discuss termination clauses, indemnification, and cooperation but do not mention any purchase obligations with specific quantities or time periods.",0.06896551724137931,False,False,False,True
BEYONDCOMCORP_08_03_2000-EX-10.2-CO-HOSTING AGREEMENT,License Grant,"Yes, the contract contains a license granted by one party to its counterparty. Specifically, [2] states ""Co-Host hereby grants to NAI a non-exclusive, non-transferable, royalty-free license during the term of this Agreement to use the trademarks, service marks and trade names of Co-Host in connection with the advertising and promotion of the Goods from the Originating Locations."" This excerpt indicates that Co-Host grants NAI a license to use its trademarks, service marks, and trade names.",0.6271186440677966,True,True,False,False
MOELIS_CO_03_24_2014-EX-10.19-STRATEGIC ALLIANCE AGREEMENT,Parties,"According to the excerpts provided, the two parties who signed the contract are SUMITOMO MITSUI BANKING CORPORATION, SMBC NIKKO SECURITIES INC. and MOELIS & COMPANY HOLDINGS LP, MOELIS & COMPANY HOLDINGS GP LLC [1].",0.2424242424242424,False,True,False,False
FreezeTagInc_20180411_8-K_EX-10.1_11139603_EX-10.1_Sponsorship Agreement,Change Of Control,"[2] mentions that one party has the right to terminate the agreement if the other party is subject to a change of control, including a merger, stock transfer, or other transfer of all or substantially all of its assets to any entity. Therefore, the answer is yes, one party has the right to terminate without requiring consent or notice from the counterparty if such a change of control occurs. [2]",0.33476394849785407,True,True,True,False
ReynoldsConsumerProductsInc_20200121_S-1A_EX-10.22_11948918_EX-10.22_Service Agreement,Expiration Date,"I don't know. The provided excerpts do not specify an exact date for the initial term's expiration. They only mention that the agreement will continue for a period of time and can be extended, but the specific dates are not given.",0.18644067796610173,False,False,False,True
"FOUNDATIONMEDICINE,INC_02_02_2015-EX-10.2-Collaboration Agreement",Parties,"The two parties who signed the contract are:

1. Foundation Medicine, Inc. (""FMI"")
2. F. Hoffmann-La Roche Ltd and Hoffmann-La Roche Inc. collectively referred to as ""Roche"" [1].",0.07142857142857144,True,True,True,False
NakedBrandGroupInc_20150731_POS AM (on S-1)_EX-10.75_9196027_EX-10.75_Endorsement Agreement,Parties,"Based on the excerpts provided, the two parties who signed the contract are:

- Naked Brand Group, Inc. (""Naked"")
- Wade Enterprises, LLC (""Wade"")

This can be seen from the witness signatures at the end of the agreement [2].",0.12121212121212122,False,True,False,False
DYNTEKINC_07_30_1999-EX-10-ONLINE HOSTING AGREEMENT,Audit Rights,"I don't know.

The provided excerpts do not contain any information related to an audit right in the context of the DYNTEKINC_07_30_1999-EX-10-ONLINE HOSTING AGREEMENT. The excerpts are from different agreements and do not provide the specific details requested.",0.06896551724137931,False,False,False,True
2ThemartComInc_19990826_10-12G_EX-10.10_6700288_EX-10.10_Co-Branding Agreement_ Agency Agreement,Audit Rights,"[1] describes audit rights in a strategic alliance agreement. Specifically, it states that each party has the right to engage an independent auditor to review the other party's books and records to confirm compliance with pricing and payment obligations. Therefore, yes, a party does have the right to audit the books, records, or physical locations of the counterparty to ensure compliance with the contract, as described in [1].",0.10869565217391304,True,True,False,False
LIMEENERGYCO_09_09_1999-EX-10-DISTRIBUTOR AGREEMENT,Rofr/Rofo/Rofn,"No, the excerpt from LIMEENERGYCO_09_09_1999-EX-10-DISTRIBUTOR AGREEMENT does not contain a clause granting a right of first refusal, right of first offer, or right of first negotiation to purchase, license, market, or distribute equity interest, technology, assets, products, or services. The relevant section in the provided excerpt [1] is from NEONSYSTEMSINC_03_01_1999-EX-10.5-DISTRIBUTOR AGREEMENT and describes such a right, but it is not part of the LIMEENERGYCO agreement.",0.1523809523809524,False,True,False,False
UpjohnInc_20200121_10-12G_EX-2.6_11948692_EX-2.6_Manufacturing Agreement_ Supply Agreement,Warranty Duration,"The provided excerpts do not specify the duration of any warranty against defects or errors in technology, products, or services provided under the contract. The excerpts mainly cover terms related to supply, payment, and environmental covenants but do not detail warranty periods. Therefore, I don't know the specific duration of any warranty based on the given information.",0.11510791366906475,False,False,False,True
FulucaiProductionsLtd_20131223_10-Q_EX-10.9_8368347_EX-10.9_Content License Agreement,License Grant,"Yes, the contract contains a license granted by one party to its counterparty. Specifically, [1] states that Fulucai Productions Ltd. grants ConvergTV the right and license to utilize footage from the Program for promotional and marketing purposes, and to distribute and re-distribute the Program and Promotional Works through various distribution outlets.",0.12173913043478261,False,True,False,False
EmeraldHealthBioceuticalsInc_20200218_1-A_EX1A-6 MAT CTRCT_11987205_EX1A-6 MAT CTRCT_Development Agreement,Termination For Convenience,"Based on the provided excerpts, there is no direct reference to a specific contract named ""EmeraldHealthBioceuticalsInc_20200218_1-A_EX1A-6 MAT CTRCT_11987205_EX1A-6 MAT CTRCT_Development Agreement"". However, from the similar agreements provided, we can infer the answer.

Excerpt [2] from EmeraldHealthTherapeuticsInc_06_10_2020-EX-4.5-CONSULTING AGREEMENT - DR. GAETANO MORELLO N.D. INC. states:
[2] The Company may terminate this Agreement and the engagement of the Contractor without Cause at any time on 30 days prior written notice.

Since the question is asking about a similar agreement, we can assume that a party can terminate the contract without cause by giving a notice and allowing a waiting period to expire, as long as the notice period is 30 days.

Therefore, the answer is yes, a party can terminate the contract without cause by giving a notice and allowing a waiting period to expire. [2]",0.22535211267605634,False,True,False,False
SPHERE3DCORP_06_24_2020-EX-10.12-CONSULTING AGREEMENT,Notice Period To Terminate Renewal,"I don't know.

The provided excerpts do not include any information related to SPHERE3DCORP_06_24_2020-EX-10.12-CONSULTING AGREEMENT or the notice period required to terminate a renewal.",0.12244897959183672,False,False,False,True
EdietsComInc_20001030_10QSB_EX-10.4_2606646_EX-10.4_Co-Branding Agreement,Rofr/Rofo/Rofn,"I don't know. The provided excerpts do not contain any clauses related to a right of first refusal, right of first offer, or right of first negotiation for purchasing, licensing, marketing, or distributing equity interest, technology, assets, products, or services.",0.08695652173913043,False,False,False,True
AzulSa_20170303_F-1A_EX-10.3_9943903_EX-10.3_Maintenance Agreement1,Audit Rights,"[4] mentions the right to perform an audit or operational visit, stating that ""The Repairer has no duty or obligation to perform any audit or operational visit and shall not incur any obligation or liability if it does not perform any of its audit or operational visit rights referred to in this Clause 5.2.4."" This indicates that while there is a right to perform such audits, the party (Repairer) does not have an obligation to do so unless specified. Therefore, based on the provided excerpts, the party does have the right to audit the books, records, or physical locations of the counterparty, but this right is not mandatory.",0.21374045801526714,False,True,False,False
EhaveInc_20190515_20-F_EX-4.44_11678816_EX-4.44_License Agreement_ Reseller Agreement,Parties,"The two parties who signed the contract are Ehave, Inc. and Companion Healthcare Technologies Corp. [3]",0.0,True,True,False,False
QuantumGroupIncFl_20090120_8-K_EX-99.2_3672910_EX-99.2_Hosting Agreement,Affiliate License-Licensee,"[4] discusses licenses but does not explicitly mention a license grant to a licensee (including a sublicensee) and the affiliates of such licensee/sublicensor. It states, ""Limitation of Licenses Each of us grants only the licenses or rights expressly specified herein. No other licenses or rights (including licenses or rights under patents) are granted, either directly, by implication, estoppel, or otherwise."" Therefore, based on the provided excerpts, I don't know if the contract contains a license grant to a licensee (including a sublicensee) and the affiliates of such licensee/sublicensor.",0.1652892561983471,False,True,False,True
CORIOINC_07_20_2000-EX-10.5-LICENSE AND HOSTING AGREEMENT,Parties,"The two parties who signed the contract are Corio Inc. and Commerce One, Inc. [4]",0.2666666666666667,True,True,False,False
PRIMEENERGYRESOURCESCORP_04_02_2007-EX-10.28-COMPLETION AND LIQUIDITY MAINTENANCE AGREEMENT,Document Name,"The name of the contract is ""Completion and Liquidity Maintenance Agreement"" [2].",0.37499999999999994,True,True,True,False
MidwestEnergyEmissionsCorp_20080604_8-K_EX-10.2_3093976_EX-10.2_Content License Agreement,License Grant,"Yes, the contract contains licenses granted by one party to its counterparty. For instance, [1] states that ""CONTENT PROVIDER does not need the consent or release of any other person, firm or entity in order for CONTENT PROVIDER to enter into this Agreement and to grant to COMPANY the rights granted pursuant to this Agreement."" Additionally, [3] mentions ""a non-exclusive, limited royalty-free license to use its trademarks, service marks or trade names only as specifically described in this Agreement."" These excerpts indicate that there are licenses granted by one party to the other.",0.29545454545454547,False,True,False,False
TcPipelinesLp_20160226_10-K_EX-99.12_9454048_EX-99.12_Transportation Agreement,Parties,"The two parties who signed the contract are Great Lakes Gas Transmission Limited Partnership and ANR PIPELINE COMPANY. This can be seen in excerpt [3] where it states ""This Transportation Service Agreement (Agreement) is entered into by Great Lakes Gas Transmission Limited Partnership (Transporter) and ANR PIPELINE COMPANY (Shipper).""",0.22641509433962262,True,True,True,False
"Sonos, Inc. - Manufacturing Agreement",Non-Transferable License,"[4] mentions that the license granted to IAC and its Affiliates is ""nontransferable"". Therefore, the contract does limit the ability of a party to transfer the license being granted to a third party. [4]",0.26666666666666666,True,True,True,False
JOINTCORP_09_19_2014-EX-10.15-FRANCHISE AGREEMENT,Rofr/Rofo/Rofn,"Yes, there is a clause granting the right of first refusal. Specifically, excerpt [1] states:

14.6 Right of First Refusal. If you or any of your Principal Owners wishes to Transfer any Interest, we will have a right of first refusal to purchase that Interest as follows. [1]",0.3333333333333333,True,True,False,False
CHANGEPOINTCORP_03_08_2000-EX-10.6-LICENSE AND HOSTING AGREEMENT,License Grant,"Yes, the contract contains a license granted by Changepoint to Corio. This can be seen in excerpt [2], which states that the Software and Documentation are ""licensed, not sold, to Corio.""",0.2153846153846154,False,True,False,False
ALAMOGORDOFINANCIALCORP_12_16_1999-EX-1-AGENCY AGREEMENT,Parties,"Based on the excerpts provided, the two or more parties who signed the contract are:

- The Agent
- The Company
- The MHC (Mutual Holding Company)
- The Bank

This can be inferred from [1] and [4] where it mentions that the agreement is binding on the Agent, the Company, the MHC, the Bank, and their respective successors and assigns. [4] also specifies that the closing involves the Company, the MHC, and the Bank delivering funds to the Agent.",0.0,False,True,False,False
OFGBANCORP_03_28_2007-EX-10.23-OUTSOURCING AGREEMENT,Governing Law,"[1] [3] According to the excerpts, the interpretation of the contract is governed by the internal laws of the State of New York. [1]",0.4313725490196078,True,True,True,False
"VIRTUALSCOPICS,INC_11_12_2010-EX-10.1-STRATEGIC ALLIANCE AGREEMENT",Ip Ownership Assignment,"Yes, according to the excerpts, intellectual property created by one party can become the property of the counterparty under certain conditions. Specifically, from excerpt [4]:

""VS hereby assigns to PPD (or Sponsor as the case may be) all rights that VS may have in any invention, technology, know-how or other intellectual property which is developed with use of Confidential Information provided to VS by PPD. Additionally, VS shall assist PPD (or Sponsor), at PPD's (or Sponsor's) sole cost and expense, in obtaining or extending protection therefor.""

And from excerpt [5]:

""PPD hereby assigns to VS all rights that PPD may have in any invention, technology, know-how or other intellectual property which is developed with use of Confidential Information provided to PPD by VS. Additionally, PPD shall assist VS, at the sole cost and expense of VS, in obtaining or extending protection therefor.""

These excerpts indicate that intellectual property developed with the use of the other party's confidential information can be assigned to the other party.",0.23595505617977527,True,True,True,False
LOYALTYPOINTINC_11_16_2004-EX-10.2-RESELLER AGREEMENT,Anti-Assignment,"I don't know.

The provided excerpts do not include any information from the LOYALTYPOINTINC_11_16_2004-EX-10.2-RESELLER AGREEMENT, and none of the other excerpts discuss the assignment process or consent requirements for that specific agreement.",0.20930232558139536,False,False,False,True
SPORTHALEYINC_09_29_1997-EX-10.2-10-ENDORSEMENT AGREEMENT,Exclusivity,"I don't know.

The provided excerpts do not contain any information related to an endorsement agreement with SPORTHALEYINC_09_29_1997-EX-10.2-10-ENDORSEMENT AGREEMENT. The excerpts are from different agreements and do not provide the necessary context to determine if there is an exclusive dealing commitment in the specified agreement.",0.13953488372093026,False,False,False,True
CHANGEPOINTCORP_03_08_2000-EX-10.6-LICENSE AND HOSTING AGREEMENT,Parties,I don't know. The excerpts provided do not contain information about the specific parties who signed the contract.,0.0,False,False,False,True
"BERKELEYLIGHTS,INC_06_26_2020-EX-10.12-COLLABORATION AGREEMENT",Termination For Convenience,"[1] [2] 

Based on the excerpts provided, a party can terminate the contract without cause by giving written notice of termination to the other party. However, this termination is subject to certain conditions, such as the other party having a bona fide dispute about the breach, which can toll the cure period. Additionally, the termination must be due to a material breach by the other party, and the breaching party must fail to cure the breach within the specified period (60 days in [2], but the exact period is not specified in [1]). If these conditions are met, the non-breaching party can terminate the agreement. Therefore, a party can terminate the contract without cause, but it is not a simple notice and wait period; it involves a material breach and a failure to cure.",0.1476510067114094,False,True,False,False
VERICELCORP_08_06_2019-EX-10.10-SUPPLY AGREEMENT,Expiration Date,"[2] The term of this Agreement will commence upon the Effective Date and will continue until the fifth (5th) anniversary of the Effective Date, unless earlier terminated or extended under this Article 8 (the ""Initial Term""). Given that the Effective Date is May 6, 2019, the initial term will expire on May 6, 2024.",0.7792207792207793,True,True,True,False
ALLIANCEBANCORPINCOFPENNSYLVANIA_10_18_2006-EX-1.2-AGENCY AGREEMENT,Governing Law,[2] [3] The Agreement shall be governed by and construed in accordance with the laws of the State of New York applicable to agreements made and to be performed in said State without regard to the conflicts of laws provisions thereof. [2] [3],0.9333333333333333,True,True,True,False
"INTELLIGENTHIGHWAYSOLUTIONS,INC_01_18_2018-EX-10.1-Strategic Alliance Agreement",Parties,"Based on the information provided in the excerpts, the two parties who signed the contract are Bravatek Technologies, Inc. and Fazync LLC. [2]",0.1904761904761905,False,True,False,False
CoherusBiosciencesInc_20200227_10-K_EX-10.29_12021376_EX-10.29_Development Agreement,Ip Ownership Assignment,"I don't know.

The provided excerpts do not contain explicit terms regarding the ownership of intellectual property created by one party becoming the property of the counterparty, nor do they mention any specific events that would trigger such a transfer. The excerpts discuss various provisions like governance, termination, and general provisions, but not the specific ownership of intellectual property.",0.1487603305785124,False,False,False,True
PhasebioPharmaceuticalsInc_20200330_10-K_EX-10.21_12086810_EX-10.21_Development Agreement,Anti-Assignment,[3],0.0,True,True,True,False
CytodynInc_20200109_10-Q_EX-10.5_11941634_EX-10.5_License Agreement,Exclusivity,"Based on the provided excerpts, there is no explicit mention of an exclusive dealing commitment with the counterparty. The excerpts do not indicate any requirement for either party to exclusively procure technology, goods, or services from the other party, nor do they mention prohibitions on licensing, selling, or collaborating with third parties. Therefore, I don't know if there is an exclusive dealing commitment in this agreement. [1][2][3][4][5]",0.13333333333333333,False,True,False,True
UpjohnInc_20200121_10-12G_EX-2.6_11948692_EX-2.6_Manufacturing Agreement_ Supply Agreement,Cap On Liability,"[4] Yes, the contract includes a cap on liability. Specifically, ""neither Party's aggregate liability to the other Party (or its Personnel that are indemnitees under Section 10.1 or Section 10.2, as applicable) under this Agreement for the initial twelve (12) month period immediately following the Effective Date, and for any twelve (12) month period thereafter during the Term, shall exceed, on a cumulative basis, the amount that is one and one half (11∕2) times the aggregate amounts paid or payable pursuant to this Agreement in the preceding twelve (12) month period preceding the loss date by Customer to Manufacturer but solely with respect to the supply hereunder of Product (or Products) for which such corresponding liability arose (the ""Affected Products"") and not any other Products.""",0.28451882845188287,False,True,False,False
GluMobileInc_20070319_S-1A_EX-10.09_436630_EX-10.09_Content License Agreement1,Governing Law,I don't know. The provided excerpts do not mention any governing law for the interpretation of the contract.,0.052631578947368425,False,False,False,True
TELEGLOBEINTERNATIONALHOLDINGSLTD_03_29_2004-EX-10.10-CONSTRUCTION AND MAINTENANCE AGREEMENT,Audit Rights,"Yes, according to excerpt [1], any Party has the right to review or audit the relevant books, records, vouchers, and accounts of costs pursuant to Paragraph 9. Additionally, excerpt [1] states that in affording the right to review or audit, any such Party whose records are being reviewed or audited shall be permitted to recover, from the Party or Parties requesting the review or audit, the entire costs reasonably incurred in complying with the review or audit. [1]",0.30476190476190473,True,True,False,False
AtnInternationalInc_20191108_10-Q_EX-10.1_11878541_EX-10.1_Maintenance Agreement,Insurance,"Yes, there is a requirement for insurance that must be maintained by one party for the benefit of the counterparty. Specifically, [4] states that the Vendor must maintain Products/Completed Operations insurance for at least two years following completion of the Work, with an occurrence limit of $1,000,000. Additionally, the Commercial General Liability insurance policy must include AT&T, its Affiliates, and their directors, officers, and employees as additional insureds, and the Vendor must provide a copy of the additional insured endorsement to AT&T.",0.2155688622754491,False,True,False,False
RemarkHoldingsInc_20081114_10-Q_EX-10.24_2895649_EX-10.24_Content License Agreement,Exclusivity,"I don't know.

The provided excerpts do not contain any information about exclusive dealing commitments, prohibitions on licensing or selling technology to third parties, or prohibitions on collaborating or working with other parties. The excerpts discuss independent contractor status, arbitration costs, assignment of the agreement, disclosures required by law, and the definition of confidential information, but do not mention any exclusive dealing commitments.",0.05333333333333334,False,False,False,True
OFGBANCORP_03_28_2007-EX-10.23-OUTSOURCING AGREEMENT,Cap On Liability,"[1] mentions a cap on liability for a breach of obligations under Article 13, but it does not specify a time limitation for bringing claims or a maximum amount for recovery. Therefore, based on the provided excerpts, I don't know the exact details regarding the time limitation for bringing claims or the maximum amount for recovery.",0.0,False,True,False,True
RitterPharmaceuticalsInc_20200313_S-4A_EX-10.54_12055220_EX-10.54_Development Agreement,Renewal Term,"[2] mentions that each Facility Addendum, unless extended or terminated pursuant to specific sections, shall continue for an Initial Term of four (4) years from the Effective Date and may be extended for up to three (3) additional periods of twelve (12) months each by written notice given by Customer to Manufacturer not less than twelve (12) months prior to the expiration of the Initial Term or the applicable Extension Period. Therefore, the renewal term after the initial term expires includes up to three additional 12-month periods upon written notice.",0.33093525179856115,False,True,False,False
FIBROGENINC_10_01_2014-EX-10.11-COLLABORATION AGREEMENT,Exclusivity,"[1] describes an exclusive right for FibroGen (FG) to market, sell, and distribute the Lead Compounds in the FG Territory and worldwide outside the Field. However, it does not explicitly state an exclusive dealing commitment where FG is required to procure all requirements from Astellas or prohibit FG from licensing or selling to third parties or collaborating with others. Therefore, based on the provided excerpts, there is no clear indication of an exclusive dealing commitment as described.",0.3770491803278688,True,True,True,False
WELLSFARGOMORTGAGEBACKEDSECURITIES2006-6TRUST_05_11_2006-EX-10.3-Yield Maintenance Agreement,Effective Date,"[1] The purpose of this communication is to confirm the terms and conditions of the Transaction entered into between us on the Trade Date specified below. This Confirmation constitutes a ""Confirmation"" as referred to in the Master Agreement or Agreement specified below. [2] This Agreement shall commence on January 20, 2014 (the ""Effective Date"") and shall continue in effect for six (6) months (the ""Initial Term""). This agreement shall automatically renew for successive six (6) month periods unless written notice is provided of either party's intent not to renew at least six (6) months before the end of the then-current term. [2] does not specify the trade date, but [1] indicates that the confirmation is about an interest rate cap transaction. The effective date of the agreement is specified in [2] as January 20, 2014.",0.0,False,True,False,False
ENERGYXXILTD_05_08_2015-EX-10.13-Transportation AGREEMENT,Parties,"According to the excerpts provided, the two parties who signed the contract are:

- ENERGY XXI GULF COAST, INC., a Delaware corporation (""Shipper"")
- ENERGY XXI USA, INC., a Delaware corporation (""Transporter"") [1][2]",0.2666666666666667,True,True,True,False
ArtaraTherapeuticsInc_20200110_8-K_EX-10.5_11943350_EX-10.5_License Agreement,Insurance,"Yes, there is a requirement for insurance that must be maintained by one party for the benefit of the counterparty. Specifically, Article 7 of the agreement requires Artara, its Affiliates, and sublicensees to obtain and maintain certain insurance coverages. For instance, [6] states that ""ArTara, Affiliates, and sublicensees will obtain and maintain commercial general liability insurance with a reputable and financially secure insurance carrier prior to clinical testing, making, using, importing, offering to sell, or selling any licensed Product."" Additionally, [7] requires Artara to provide the University with a certificate of insurance and notices of subsequent renewals.",0.17543859649122806,True,False,False,False
REWALKROBOTICSLTD_07_10_2014-EX-10.2-STRATEGIC ALLIANCE AGREEMENT,Document Name,"The name of the contract is ""STRATEGIC ALLIANCE AGREEMENT"" [1].",0.5454545454545454,True,True,True,False
CardlyticsInc_20180112_S-1_EX-10.16_11002987_EX-10.16_Maintenance Agreement1,License Grant,"[2] mentions a ""LICENSE"" section in the Table of Contents, indicating that the contract does contain a license granted by one party to its counterparty. [2]",0.04761904761904762,False,True,False,False
PacificapEntertainmentHoldingsInc_20051115_8-KA_EX-1.01_4300894_EX-1.01_Content License Agreement,Minimum Commitment,"I don't know.

The provided excerpts do not contain any specific information about minimum order sizes or minimum amounts or units per-time period that one party must buy from the counterparty under the PacificapEntertainmentHoldingsInc_20051115_8-KA_EX-1.01_4300894_EX-1.01_Content License Agreement. The excerpts discuss termination conditions, indemnification, and the term and termination of the agreement, but do not mention any specific purchase obligations.",0.14084507042253522,True,False,False,True
MPLXLP_06_17_2015-EX-10.1-TRANSPORTATION SERVICES AGREEMENT,Cap On Liability,"Based on the provided excerpts, there is no explicit mention of a liability cap upon the breach of a party's obligation in the MPLXLP_06_17_2015-EX-10.1-TRANSPORTATION SERVICES AGREEMENT. The closest related excerpt is [1], which discusses a liability cap but does not specify it in the context of the agreement in question. Therefore, I don't know if the contract includes a cap on liability upon the breach of a party’s obligation.",0.19819819819819817,False,True,False,True
HealthcareIntegratedTechnologiesInc_20190812_8-K_EX-10.1_11776966_EX-10.1_Reseller Agreement,Agreement Date,I don't know. The date of the contract is not provided in the given excerpts.,0.11764705882352941,False,False,False,True
"INTELLIGENTHIGHWAYSOLUTIONS,INC_01_18_2018-EX-10.1-Strategic Alliance Agreement",Notice Period To Terminate Renewal,"I don't know.

The provided excerpts do not contain any information related to INTELLIGENTHIGHWAYSOLUTIONS,INC_01_18_2018-EX-10.1-Strategic Alliance Agreement or the notice period required to terminate a renewal. The excerpts are from different agreements and do not provide the specific information requested.",0.18823529411764706,False,False,False,True
"Sonos, Inc. - Manufacturing Agreement",Affiliate License-Licensee,"Yes, the contract contains a license grant to a licensee (incl. affiliates) as evidenced by the following excerpt:

[1] Sonos hereby grants to IAC and its Affiliates a non-exclusive, worldwide, nontransferable, royalty free right and license under Sonos' Intellectual Property Rights, to manufacture the Products solely for Sonos.

[3.3.2] Subject to all terms and conditions of this Agreement, Sonos hereby grants to IAC and its Affiliates a non-exclusive, worldwide, nontransferable, royalty-free right and license to make copies of the software specified in the applicable Statement of Work solely as necessary to install and embed such software in the Product.",0.576,True,True,True,False
"Sonos, Inc. - Manufacturing Agreement",Anti-Assignment,"[1] indicates that consent is required for assignments, except in specific circumstances. Here's the relevant excerpt:

16.6. Assignment. No party may assign its rights or delegate its obligations hereunder, either in whole or in part, without the prior written consent of the other party, other than an assignment by Sonos or IAC of its rights and obligations hereunder to a wholly-owned subsidiary. Notwithstanding the foregoing, either party may assign, without the other's express written approval, all its rights and delegate all its obligations as part of a merger, reorganization or sale of all or substantially all its assets other than to a direct competitor of the non-assigning Party.

So, in general, consent is required, but there are exceptions, such as assignments to a wholly-owned subsidiary or as part of a merger, reorganization, or sale of all or substantially all assets, provided it's not to a direct competitor.",0.16666666666666666,True,True,True,False
RevolutionMedicinesInc_20200117_S-1_EX-10.1_11948417_EX-10.1_Development Agreement,Change Of Control,"[1] According to the Development Agreement between Conformis Inc. and the other party, a Party generally cannot assign its rights or obligations under the agreement without the prior written consent of the other Party, except in specific circumstances such as to an Affiliate or in connection with the sale or transfer of all or substantially all of the assigning Party's business or assets relating to the subject matter of the agreement. However, the agreement does not explicitly state the right to terminate due to a change of control. Therefore, based on the provided excerpts, it is not clear if one party has the right to terminate the agreement unilaterally due to a change of control. The agreement does require notice in some cases, but does not provide a specific right to terminate for a change of control.",0.2312925170068027,False,True,False,False
TheglobeComInc_19990503_S-1A_EX-10.20_5416126_EX-10.20_Co-Branding Agreement,Audit Rights,"I don't know.

The provided excerpts do not include any information from the specific document ""TheglobeComInc_19990503_S-1A_EX-10.20_5416126_EX-10.20_Co-Branding Agreement"". Therefore, I cannot determine if a party has the right to audit the books, records, or physical locations of the counterparty to ensure compliance with the contract based on the given information.",0.13793103448275862,False,False,False,True
"BELLICUMPHARMACEUTICALS,INC_05_07_2019-EX-10.1-Supply Agreement",Non-Transferable License,"The contract does not explicitly limit the ability of a party to transfer the license being granted to a third party. However, it does specify limitations on the transfer of Miltenyi Products. According to the agreement, Miltenyi Products can only be transferred to Bellicum Subcontractors or Licensees for the Permitted Use or for training or validation purposes in connection with Bellicum's development and commercialization of Bellicum Products [1][2]. There is no explicit mention of transferring the license itself to a third party, only the transfer of the products under certain conditions.",0.2831858407079646,False,True,False,False
DovaPharmaceuticalsInc_20181108_10-Q_EX-10.2_11414857_EX-10.2_Promotion Agreement,Audit Rights,"Yes, according to the excerpts, a party does have the right to audit the books, records, or physical locations of the counterparty to ensure compliance with the contract. Specifically, excerpt [1] states that Dova has the right to inspect and audit Valeant's records and books, and excerpt [3] states that Valeant has the right to inspect and audit Dova's records and books. These rights are subject to certain conditions, such as the frequency of the audits and the requirement to execute a confidentiality agreement. [1], [3]",0.31746031746031744,True,True,True,False
BIOAMBERINC_04_10_2013-EX-10.34-DEVELOPMENT AGREEMENT (1),Parties,"The two parties who signed the contract are Cargill, Incorporated through its Bio Technology Development Center and Bioamber S.A.S. [1]",0.19999999999999998,False,True,False,False
SimplicityEsportsGamingCompany_20181130_8-K_EX-10.1_11444071_EX-10.1_Franchise Agreement,License Grant,"Yes, the contract contains a license granted by one party to its counterparty. Specifically, [2] states that Franchisor grants to Franchisee the right to use the Trademarks for the purpose of operating and promoting the Smaaash Centres in the Territory.",0.31034482758620685,False,True,False,False
BellringBrandsInc_20190920_S-1_EX-10.12_11817081_EX-10.12_Manufacturing Agreement2,Parties,"The two parties who signed the contract are Premier Nutrition Corporation and Stremick's Heritage Foods, LLC. [1]",0.125,False,True,False,False
"BLUEHILLSBANCORP,INC_05_20_2014-EX-1.1-AGENCY AGREEMENT",Agreement Date,I don't know. The specific date of the contract is not provided in the excerpts given.,0.0,False,False,False,True
"FIDELITYNATIONALINFORMATIONSERVICES,INC_08_05_2009-EX-10.3-INTELLECTUAL PROPERTY AGREEMENT",Parties,The two parties who signed the contract are Equifax Inc. and Certegy Inc. [1],0.2857142857142857,True,True,True,False
JOINTCORP_09_19_2014-EX-10.15-FRANCHISE AGREEMENT,License Grant,"Yes, the contract contains a license granted by one party to its counterparty. Specifically, [5] states ""we grant to you a Franchise to operate a The Joint Corp. Location offering all products, services, and proprietary programs of ours, in accordance with all elements of the System, that we may require for The Joint Corp. Locations."" This indicates that JOINTCORP grants a franchise license to the counterparty to operate a The Joint Corp. Location.",0.14545454545454548,False,True,False,False
ENTERPRISEPRODUCTSPARTNERSLP_07_08_1998-EX-10.3-TRANSPORTATION CONTRACT,Minimum Commitment,"[2] mentions a minimum order size in the context of a transportation contract, but it specifies a minimum weight (10,000 pounds) rather than a minimum number of units. The contract does not explicitly state a minimum order size or minimum amount of units per time period for the purchase of products. Therefore, based on the provided excerpts, I don't know if there is a minimum order size or minimum amount of units per time period that one party must buy from the counterparty under this specific contract.",0.13740458015267176,False,True,False,True
MOELIS_CO_03_24_2014-EX-10.19-STRATEGIC ALLIANCE AGREEMENT,Parties,"According to the excerpts provided, the two parties who signed the contract are SUMITOMO MITSUI BANKING CORPORATION, SMBC NIKKO SECURITIES INC., and MOELIS & COMPANY HOLDINGS LP, MOELIS & COMPANY HOLDINGS GP LLC [1].",0.17142857142857143,False,True,False,False
VERTEXENERGYINC_08_14_2014-EX-10.24-OPERATION AND MAINTENANCE AGREEMENT,Document Name,"The name of the contract is ""OPERATION AND MAINTENANCE AGREEMENT"" [1].",0.46153846153846156,True,True,False,False
JOINTCORP_09_19_2014-EX-10.15-FRANCHISE AGREEMENT,Non-Disparagement,I don't know.,0.0,False,False,False,True
MidwestEnergyEmissionsCorp_20080604_8-K_EX-10.2_3093976_EX-10.2_Content License Agreement,Exclusivity,"Based on the provided excerpts, there is no explicit mention of an exclusive dealing commitment. The excerpts discuss various terms such as confidentiality, severability, further actions, and the rights and licenses granted, but do not indicate any exclusive dealing obligations. Therefore, I don't know if there is an exclusive dealing commitment in this agreement.",0.1764705882352941,False,False,False,True
AIRTECHINTERNATIONALGROUPINC_05_08_2000-EX-10.4-FRANCHISE AGREEMENT,Insurance,"Yes, there is a requirement for insurance that must be maintained by one party for the benefit of the counterparty. For instance, [2] states that ""You shall procure and maintain in full force and effect during the term of this Agreement, at Your expense, insurance policies written by an insurance company satisfactory to AIRSOPURE in accordance with standards and specifications set forth in the Operations Manual or otherwise by AIRSOPURE in writing."" This insurance must include comprehensive general liability insurance and comprehensive automobile liability insurance, among other things. Additionally, [3] reiterates similar requirements, specifying that the policies shall name AIRSOPURE as an additional insured.",0.6735751295336787,True,True,True,False
ADAPTIMMUNETHERAPEUTICSPLC_04_06_2017-EX-10.11-STRATEGIC ALLIANCE AGREEMENT,Anti-Assignment,"The provided excerpts do not explicitly mention the assignment of the contract to a third party or the requirement for consent or notice in such a scenario. Therefore, I don't know if consent or notice is required for such an assignment based on the given information.",0.13559322033898305,True,False,False,True
SimplicityEsportsGamingCompany_20181130_8-K_EX-10.1_11444071_EX-10.1_Franchise Agreement,Insurance,"[3] mentions that each party is responsible for maintaining Worker's Compensation insurance and Commercial General Liability insurance with specific limits, which shall provide for contractual liability coverage, cross liability coverage, and name the other party and its subcontractors as additional insureds. This indicates that there is a requirement for insurance that must be maintained by one party for the benefit of the counterparty. [3]",0.14457831325301204,False,True,False,False
IVILLAGEINC_03_17_1999-EX-10.16-SPONSORSHIP AGREEMENT,Minimum Commitment,"No, the excerpts from IVILLAGEINC_03_17_1999-EX-10.16-SPONSORSHIP AGREEMENT do not specify a minimum order size or minimum amount or units per time period that one party must buy from the counterparty. The agreement discusses advertising impressions and promotional activities but does not mention any specific minimum purchase obligations. [3]",0.05714285714285714,False,True,False,False
"OASYSMOBILE,INC_07_05_2001-EX-10.17-OUTSOURCING AGREEMENT",Cap On Liability,"The provided excerpts from OASYSMOBILE,INC_07_05_2001-EX-10.17-OUTSOURCING AGREEMENT do not explicitly mention a cap on liability upon the breach of a party’s obligation, including time limitations for bringing claims or maximum amounts for recovery. The excerpts [1] discuss indemnification and limitation of liability but do not specify a cap on liability for breaches or detailed time limitations for claims. Therefore, based on the given information, I cannot confirm the presence of such a cap on liability. [1]",0.14285714285714285,True,True,True,False
GluMobileInc_20070319_S-1A_EX-10.09_436630_EX-10.09_Content License Agreement1,Revenue/Profit Sharing,"Based on the provided excerpts, there is no explicit mention of one party being required to share revenue or profits with the counterparty for any technology, goods, or services. The excerpts discuss distribution efforts, market penetration targets, confidentiality, and the first sale doctrine, but do not indicate any revenue or profit sharing arrangements. Therefore, I don't know if revenue or profit sharing is required based on the given information.",0.13461538461538464,False,False,False,True
WOMENSGOLFUNLIMITEDINC_03_29_2000-EX-10.13-ENDORSEMENT AGREEMENT,Governing Law,"According to excerpt [1], the contract is governed by the laws of the State of New Jersey. [1]",0.3404255319148936,True,True,True,False
"BELLICUMPHARMACEUTICALS,INC_05_07_2019-EX-10.1-Supply Agreement",Affiliate License-Licensee,"Yes, the contract contains a license grant to a licensee (incl. sublicensor) and the affiliates of such licensee/sublicensor. According to excerpt [1], Miltenyi grants to Bellicum a limited non-exclusive right and license that is sublicensable through multiple tiers to Licensees of Bellicum and to Bellicum's and its Licensees' respective Subcontractors. However, it is noted that Subcontractors shall not have the right to grant sublicenses under Miltenyi Technology.",0.2688172043010753,False,True,False,False
"XLITECHNOLOGIES,INC_12_02_2015-EX-10.02-STRATEGIC ALLIANCE AGREEMENT",Parties,"According to excerpt [3], the two parties who signed the contract are BOSCH INTERNATIONAL, LLC and BOSCH TECHNOLOGIES, LLC. Specifically, the signatures are from:

CLIENT BOSCH BOSCH INTERNATIONAL, LLC BOSCH TECHNOLOGIES, LLC /s/ James Schramm /s/ Authorized Agent signature signature print name and title print name and title",0.125,True,True,False,False
"CERES,INC_01_25_2012-EX-10.20-Collaboration Agreement",License Grant,"Yes, the contract contains licenses granted by one party to its counterparty. Specifically, [1] states that if negotiations fail to reach an agreement within ninety (90) days, each party will have the right to use and commercially exploit JOINT INTELLECTUAL PROPERTY, and [1] also mentions that CERES will have the exclusive right to use and commercially exploit any JOINT INTELLECTUAL PROPERTY in certain termination scenarios.",0.32,True,True,True,False
SimplicityEsportsGamingCompany_20181130_8-K_EX-10.1_11444071_EX-10.1_Franchise Agreement,Ip Ownership Assignment,"[1] [2]

Based on the excerpts provided, the intellectual property (Franchisor Property) created by the Franchisor remains the sole and exclusive property of the Franchisor. The Franchisee is granted a license to use the Franchisor Property under the terms of the agreement but does not acquire any ownership rights in it. Furthermore, the Franchisee is not permitted to seek or obtain any new registration for the Franchisor Property, and any use of the Franchisor Property by the Franchisee will inure only to the benefit of the Franchisor. Should the agreement be terminated for any reason, the Franchisee's use of the Franchisor Property is deemed to be solely the property of the Franchisor.",0.21487603305785127,False,True,False,False
LOOKSMARTLTD_07_20_2012-EX-99.(D)(I)-SPONSORSHIP AGREEMENT,Agreement Date,"The date of the contract is July 16, 2012. [1]",0.5454545454545454,False,True,False,False
FuseMedicalInc_20190321_10-K_EX-10.43_11575454_EX-10.43_Distributor Agreement,Anti-Assignment,"Based on the excerpts provided, consent or notice is required from the other party if the contract is assigned to a third party. Specifically, excerpt [3] states:

17.1 This Agreement shall not be assignable, pledged or otherwise transferred, nor may any right or obligations hereunder be assigned, pledged or transferred, by either Party to any Third Party without the prior written consent of the other Party, which consent, in the event of a financing transaction by the Party asking for consent, shall not be unreasonably withheld, conditioned or delayed by the other Party.",0.3165467625899281,False,True,False,False
VertexEnergyInc_20200113_8-K_EX-10.1_11943624_EX-10.1_Marketing Agreement,Revenue/Profit Sharing,"I don't know.

The provided excerpts do not contain any information about revenue or profit sharing for technology, goods, or services between the parties. They only describe the basic terms of the Joint Supply and Marketing Agreement, including the term of the agreement and the parties involved, but do not mention any specific revenue or profit sharing arrangements.",0.05555555555555555,False,False,False,True
CybergyHoldingsInc_20140520_10-Q_EX-10.27_8605784_EX-10.27_Affiliate Agreement,Audit Rights,"Based on the provided excerpts, there is no explicit mention of a party having the right to audit the books, records, or physical locations of the counterparty to ensure compliance with the contract in the CybergyHoldingsInc_20140520_10-Q_EX-10.27_8605784_EX-10.27_Affiliate Agreement [2]. The agreement does not include any clauses related to audits or inspections for compliance purposes.",0.0975609756097561,False,True,False,False
"DRIVENDELIVERIES,INC_05_22_2020-EX-10.4-CONSULTING AGREEMENT",Non-Compete,"[1] [4] 

Excerpts [1] and [4] from the DRIVENDELIVERIES,INC_05_22_2020-EX-10.4-CONSULTING AGREEMENT mention restrictions on the ability of the Consultant to compete with the Company. Specifically, Section 4.2 (Covenant Not to Compete) states that the Consultant does not perform or intend to perform consulting or other services for companies whose businesses or proposed businesses would be competitive with the Company's products or services during the term of the agreement. There is no mention of geographic or technology sector restrictions in the provided excerpts.",0.5285714285714286,True,True,True,False
ImineCorp_20180725_S-1_EX-10.5_11275970_EX-10.5_Distributor Agreement,Warranty Duration,"According to the excerpt [4], there is no warranty provided by JRVS for the products against defects in material and workmanship under normal use and service. Specifically, it states:

[4] 10.2 Warranty Period. JRVS shall NOT provide a warranty of any kind for each of the Products against defects in material and workmanship under normal use and service from the date of delivery to the Distributor.

So, the duration of any warranty against defects or errors in technology, products, or services provided under the contract is not specified and essentially does not exist as per this agreement.",0.14953271028037382,False,True,False,False
"ETELOS,INC_03_09_2004-EX-10.8-DISTRIBUTOR AGREEMENT",Warranty Duration,"I don't know.

The provided excerpts do not include any information related to the ETELOS,INC_03_09_2004-EX-10.8-DISTRIBUTOR AGREEMENT or its warranty duration. The excerpts are from different agreements and do not contain the specific information requested.",0.11764705882352941,False,False,False,True
INTRICONCORP_03_10_2009-EX-10.22-Strategic Alliance Agreement,Expiration Date,"The contract's initial term will expire on the 1st day of October, 2018 [4].",0.16,False,True,False,False
CORIOINC_07_20_2000-EX-10.5-LICENSE AND HOSTING AGREEMENT,Source Code Escrow,"Yes, according to the excerpts provided, one party (Commerce One) is required to deposit its source code into an escrow account with a third party. The source code can be released to the other party (Corio) under certain conditions, such as Commerce One's dissolution or ceasing to do business, or repeated and material breach of support and maintenance obligations [2][12.2].",0.24390243902439027,True,True,False,False
Apollo Endosurgery - Manufacturing and Supply Agreement,Minimum Commitment,"[4] doesn't explicitly mention a minimum order size or minimum amount of units per time period that one party must buy from the counterparty. The pricing and payment terms are discussed, but there is no reference to a minimum purchase requirement. Therefore, based on the provided excerpts, I don't know if there is a minimum order size or minimum amount per time period that one party must buy from the counterparty under the contract.",0.13157894736842105,False,True,False,True
SYKESHEALTHPLANSERVICESINC_04_24_1998-EX-10.14-OUTSOURCING AGREEMENT,Exclusivity,"I don't know.

The provided excerpts from SYKESHEALTHPLANSERVICESINC_04_24_1998-EX-10.14-OUTSOURCING AGREEMENT do not contain any information about exclusive dealing commitments, prohibitions on licensing or selling technology, goods, or services to third parties, or prohibitions on collaborating or working with other parties. The excerpts focus on the execution of the agreement, section headings, the relationship of the parties, and approvals, but do not mention any exclusive dealing terms.",0.15909090909090912,False,False,False,True
ENERGYXXILTD_05_08_2015-EX-10.13-Transportation AGREEMENT,Anti-Assignment,"Yes, consent or notice is required. According to excerpt [1], Shipper needs the prior written consent of Transporter to assign its rights and obligations under the agreement [1:15.1(a)]. Additionally, no assignment or transfer of the agreement is effective as to Transporter unless written notice is provided [1:15.2(b)].",0.4776119402985074,True,True,True,False
PalmerSquareCapitalBdcInc_20200116_10-12GA_EX-10.6_11949289_EX-10.6_Trademark License Agreement,Governing Law,"[2] [1] According to the excerpts, the Agreement is governed by, and construed in accordance with, the laws of the State of New York [2].",0.7368421052631577,True,True,True,False
"Sonos, Inc. - Manufacturing Agreement",Post-Termination Services,"[1] [3] 

Based on the excerpts provided, a party is not subject to obligations after the termination or expiration of the contract in the sense that any rights or obligations that have already arisen under the Agreement, its Exhibits, or any Purchase Order prior to such termination or expiration are not affected. However, there are specific provisions for cooperation during a transition period [1], and there is a limitation on liability for termination or expiration [3]. The agreement does not explicitly mention post-termination transition, payment, transfer of IP, wind-down, or last-buy commitments, but it does require cooperation for the transfer of manufacturing if it is the result of a termination notice [1].",0.272189349112426,True,True,True,False
IMMUNOMEDICSINC_08_07_2019-EX-10.1-PROMOTION AGREEMENT,Cap On Liability,"[3] SUBJECT TO AND WITHOUT LIMITING THE INDEMNIFICATION OBLIGATIONS OF EACH PARTY WITH RESPECT TO THIRD PARTY ACTIONS UNDER SECTIONS 12.1 AND 12.2, AND EXCEPT WITH RESPECT TO LIABILITY ARISING FROM BREACH OF SECTION 9.1 BY A PARTY, NO PARTY OR ANY OF ITS AFFILIATES WILL BE LIABLE TO THE OTHER PARTY OR ITS AFFILIATES UNDER ANY CONTRACT, WARRANTY, NEGLIGENCE, TORT, STRICT LIABILITY OR OTHER LEGAL OR EQUITABLE THEORY FOR ANY SPECIAL, INDIRECT, INCIDENTAL, PUNITIVE, MULTIPLIED OR CONSEQUENTIAL DAMAGES, OR OTHER DAMAGES FOR LOSS OF PROFIT, SALES OR FEES, ARISING OUT OF OR IN CONNECTION WITH THIS AGREEMENT OR ITS SUBJECT MATTER.

Based on the excerpt provided, the contract includes a limitation on liability for special, indirect, incidental, punitive, multiplied, or consequential damages, as well as other damages for loss of profit, sales, or fees. However, it does not specify a time limitation for bringing claims or a maximum amount for recovery. Therefore, while there is a limitation on the types of damages that can be recovered, the specific cap on liability and time limitations for claims are not detailed in the given excerpt.",0.4942084942084942,True,True,True,False
ENTERPRISEPRODUCTSPARTNERSLP_07_08_1998-EX-10.3-TRANSPORTATION CONTRACT,Volume Restriction,"I don't know.

The excerpts provided do not mention any specific fee increase or consent requirement if one party's use of the product or services exceeds a certain threshold. The excerpts discuss termination conditions, minimum shipment requirements, and payment terms, but do not address the scenario described in the question.",0.12658227848101264,False,False,False,True
BIOAMBERINC_04_10_2013-EX-10.34-DEVELOPMENT AGREEMENT (1),License Grant,"Yes, the contract contains a license granted by one party to its counterparty. Specifically, excerpt [1] states:

[1] 5.2.1 Cargill hereby grants Bioamber, and Bioamber hereby accepts, an exclusive, royalty-free license to Cargill Improvements and Joint Improvements for use in the Field during the term of this Development Agreement with a reservation of right for Cargill to practice such Cargill Improvements and Joint Improvements for use in the Field.",0.7563025210084033,True,True,True,False
EhaveInc_20190515_20-F_EX-4.44_11678816_EX-4.44_License Agreement_ Reseller Agreement,Irrevocable Or Perpetual License,"[2] mentions a ""non-exclusive, royalty-free, revocable, limited license"" which indicates that the license is not irrevocable. There is no explicit mention of a perpetual license in the provided excerpts. Therefore, based on the information given, the contract does not contain an irrevocable or perpetual license grant. [2]",0.13,True,True,False,False
"GRIDIRONBIONUTRIENTS,INC_02_05_2020-EX-10.3-SUPPLY AGREEMENT",Document Name,"The name of the contract is ""SUPPLY AGREEMENT"" [1].",0.4444444444444445,True,True,True,False
AlliedEsportsEntertainmentInc_20190815_8-K_EX-10.19_11788293_EX-10.19_Content License Agreement,Cap On Liability,"[4] discusses the indemnification clause and liability, stating [4, line 6] ""IN NO EVENT SHALL THE NON-BREACHING PARTY BE ENTITLED TO EQUITABLE OR INJUNCTIVE RELIEF OF ANY KIND."" However, it does not explicitly mention a cap on liability upon breach or specify a time limitation for bringing claims or a maximum amount for recovery. Therefore, based on the provided excerpts, I don't know if the contract includes a specific cap on liability upon the breach of a party’s obligation.",0.25165562913907286,True,True,True,True
DeltathreeInc_19991102_S-1A_EX-10.19_6227850_EX-10.19_Co-Branding Agreement_ Service Agreement,Parties,"The two parties who signed the contract are RSL COM PrimeCall, Inc. and deltathree.com, Inc. (formerly known as Delta Three, Inc.). This can be seen in excerpt [1] where it states, ""Co-Branding and Services Agreement, effective as of October 1, 1999 (this ""Agreement""), between RSL COM PrimeCall, Inc., a Delaware corporation (""PrimeCall""), and deltathree.com, Inc. (formerly known as Delta Three, Inc.), a Delaware corporation (""DeltaThree"").""",0.23188405797101452,True,True,True,False
IGENEBIOTECHNOLOGYINC_05_13_2003-EX-1-JOINT VENTURE AGREEMENT,Rofr/Rofo/Rofn,"[3] mentions a right of first refusal in the context of a sale of interest in the Joint Venture. Specifically, it states:

12.2. TERMINATION OF THE JOINT VENTURE.

(a) If there is an Event of Bankruptcy with respect to either Party, then the other Party may elect either to terminate the Joint Venture (and follow the liquidation procedures set forth in Article 22.3) or to purchase the interest of the Party who had an Event of Bankruptcy for a purchase price equal to the market value of such interest as determined pursuant to subsection (c).

This indicates that there is a right of first refusal clause in the agreement. [3]",0.2549019607843137,False,True,False,False
"Magenta Therapeutics, Inc. - Master Development and Manufacturing Agreement",Parties,"The two parties who signed the contract are Magenta Therapeutics, Inc. and Bachem Americas, Inc. [1]",0.35294117647058826,True,True,True,False
REWALKROBOTICSLTD_07_10_2014-EX-10.2-STRATEGIC ALLIANCE AGREEMENT,No-Solicit Of Employees,"I don't know. The provided excerpts do not contain any information related to REWALKROBOTICSLTD_07_10_2014-EX-10.2-STRATEGIC ALLIANCE AGREEMENT. Therefore, I cannot determine if there is a restriction on soliciting or hiring employees and/or contractors from the counterparty for this specific agreement.",0.18181818181818182,False,False,False,True
"KIROMICBIOPHARMA,INC_04_08_2020-EX-10.28-JOINT VENTURE AGREEMENT",Parties,The two parties who signed the contract are Kiromic Biopharma Inc. and Molipharma s.r.l. [1] [4],0.25,True,True,True,False
"OAKTREECAPITALGROUP,LLC_03_02_2020-EX-10.8-Services Agreement",Audit Rights,"Based on the provided excerpts, there is no explicit mention of audit rights in the OAKTREECAPITALGROUP,LLC_03_02_2020-EX-10.8-Services Agreement [4]. Therefore, I don't know if a party has the right to audit the books, records, or physical locations of the counterparty to ensure compliance with the contract from this document alone.",0.19642857142857142,False,True,False,True
FuelcellEnergyInc_20191106_8-K_EX-10.1_11868007_EX-10.1_Development Agreement,Change Of Control,"Based on the excerpts provided, if FuelCell Energy Inc. (FCE) undergoes a Change in Control, ExxonMobil may assign this Agreement to its Affiliates without FCE's consent, but FCE retains the right to terminate any licenses granted to ExxonMobil under the Agreement that would otherwise survive termination [2]. However, the primary question regarding the right to terminate the Agreement itself due to a Change in Control is not directly addressed in the given excerpts. Therefore, I don't have enough information to definitively state whether one party has the right to terminate the Agreement or if consent or notice is required from the counterparty in such a scenario.",0.33587786259541985,True,True,False,False
"MEDALISTDIVERSIFIEDREIT,INC_05_18_2020-EX-10.1-CONSULTING AGREEMENT",Ip Ownership Assignment,"[2] [4] [5]

According to the excerpts, intellectual property created by CONSULTANT (the consultant) does not automatically become the property of REIT (the company). Specifically, CONSULTANT acknowledges that all rights in inventions and other proprietary information conceived, discovered, authored, invented, developed, or reduced to practice by CONSULTANT while under contract with the Company are the sole property of REIT [2][3]. However, this assignment of rights is explicitly stated and does not occur by virtue of the agreement alone. The agreement requires that CONSULTANT assign any such intellectual property to REIT [2][4][5].",0.22535211267605634,False,True,False,False
BellringBrandsInc_20190920_S-1_EX-10.12_11817081_EX-10.12_Manufacturing Agreement1,Insurance,"Yes, there is a requirement for insurance that must be maintained by one party for the benefit of the counterparty. Specifically, the agreement mentions that the Supplier shall maintain insurance at its own expense as required by law or regulation [2]. Additionally, Manufacturer is required to furnish certificates of insurance to the Customer upon execution of the agreement and annually thereafter, and the insurance must meet certain limits and criteria [3]. Furthermore, BellringBrandsInc specifies insurance requirements including liability coverage, umbrella/excess liability, workers' compensation, and product recall insurance [4].",0.06666666666666667,False,True,False,False
PfHospitalityGroupInc_20150923_10-12G_EX-10.1_9266710_EX-10.1_Franchise Agreement1,Revenue/Profit Sharing,"I don't know. The provided excerpts do not mention any clauses regarding revenue or profit sharing for technology, goods, or services between the parties.",0.059701492537313425,False,False,False,True
"OASYSMOBILE,INC_07_05_2001-EX-10.17-OUTSOURCING AGREEMENT",Non-Transferable License,"[1] mentions that the license granted to HSNS is ""nonexclusive, nontransferable, non-sublicensable"". This indicates that the contract does limit the ability of HSNS to transfer the license being granted to a third party. Therefore, the answer is yes, the contract limits the ability of a party to transfer the license.",0.19607843137254902,True,True,True,False
DYNTEKINC_07_30_1999-EX-10-ONLINE HOSTING AGREEMENT,Audit Rights,"I don't know.

The provided excerpts do not contain any information related to an audit right in the context of the DYNTEKINC_07_30_1999-EX-10-ONLINE HOSTING AGREEMENT. The excerpts are from different agreements and do not provide the specific details requested.",0.14545454545454545,False,False,False,True
VirtuosoSurgicalInc_20191227_1-A_EX1A-6 MAT CTRCT_11933379_EX1A-6 MAT CTRCT_License Agreement,Parties,"The two parties who signed the contract are The Johns Hopkins University and Virtuoso Surgical, Inc. [1] [3]",0.0,True,True,True,False
RevolutionMedicinesInc_20200117_S-1_EX-10.1_11948417_EX-10.1_Development Agreement,Revenue/Profit Sharing,"Yes, one party is required to share revenue or profit with the counterparty. According to excerpt [3], the agreement includes provisions for the sharing of profits and losses with respect to similar products in the United States, indicating a profit/loss sharing arrangement [3][47].",0.1443298969072165,False,True,False,False
STAMPSCOMINC_06_24_1999-EX-10.18-SPONSORSHIP AGREEMENT,Parties,"Based on the information provided in excerpt [3], the two parties who signed the contract are:

Client: Stamps.com Inc.  
Intuit Inc.  

The signatures are indicated at the bottom of the document, showing the names and titles of the signatories for both parties.",0.05714285714285715,True,True,False,False
ClickstreamCorp_20200330_1-A_EX1A-6 MAT CTRCT_12089935_EX1A-6 MAT CTRCT_Development Agreement,Ip Ownership Assignment,"[14. INTELLECTUAL PROPERTY. (a) No Intellectual Property Infringement by Developer. The Application developed under this agreement is the exclusive worldwide sole property of Client.]
This excerpt indicates that the intellectual property created by the Developer under the agreement becomes the property of the Client.",0.11940298507462685,False,False,False,False
PlayboyEnterprisesInc_20090220_10-QA_EX-10.2_4091580_EX-10.2_Content License Agreement_ Marketing Agreement_ Sales-Purchase Agreement1,Insurance,"Yes, there is a requirement for insurance that must be maintained by one party for the benefit of the counterparty. According to excerpt [3], EFS (one of the parties) agrees to maintain certain insurance coverages for the benefit of Client (the other party). Specifically, EFS must carry:

- General liability insurance with a limit of $1,000,000 per occurrence
- Product liability insurance with a limit of $1,000,000 per occurrence
- Property insurance with a limit of $1,000,000 per occurrence
- Umbrella liability insurance with a limit of $1,000,000
- Workers' compensation insurance in statutory amounts
- Errors and omissions insurance and employer's liability insurance in an amount not less than $1,000,000 per accident/disease

EFS is also required to deliver certificates of insurance to Client upon execution of the agreement and to provide at least 30 days' prior written notice before canceling or materially changing these insurance policies. [3]",0.04477611940298507,True,True,True,False
CcRealEstateIncomeFundadv_20181205_POS 8C_EX-99.(H)(3)_11447739_EX-99.(H)(3)_Marketing Agreement,Agreement Date,"The date of the contract is December 5, 2018. [1]",0.28571428571428575,False,True,False,False
CYBERIANOUTPOSTINC_07_09_1998-EX-10.13-PROMOTION AGREEMENT,Competitive Restriction Exception,"I don't know. The provided excerpts do not contain information about exceptions, carveouts to Non-Compete, Exclusivity, or No-Solicit of Customers.",0.09195402298850575,False,False,False,True
CybergyHoldingsInc_20140520_10-Q_EX-10.27_8605784_EX-10.27_Affiliate Agreement,Agreement Date,"The date of the contract is May 8, 2014 [1].2.1.",0.4615384615384615,True,True,True,False
BIOFRONTERAAG_04_29_2019-EX-4.17-SUPPLY AGREEMENT,Audit Rights,"Yes, according to excerpt [1], a party has the right to request commercially reasonable access to the books, records, systems, and accounts of the other party to verify compliance. This access can be granted at any time upon request, but no more than once a year, except for ""for-cause"" audits which can be conducted at any time. [1]",0.27419354838709675,False,True,False,False
GAINSCOINC_01_21_2010-EX-10.41-SPONSORSHIP AGREEMENT,Insurance,"Yes, according to the excerpts, Racing is required to obtain and maintain certain insurance policies for the benefit of the Sponsor. Specifically, Racing must obtain and maintain comprehensive automobile liability insurance, comprehensive (fire and theft) and collision insurance on each vehicle used in the Business, and provide the Sponsor with a certificate of insurance. [2] [3]",0.17857142857142855,True,True,True,False
EhaveInc_20190515_20-F_EX-4.44_11678816_EX-4.44_License Agreement_ Reseller Agreement,Source Code Escrow,"[2] [3]

Based on the excerpts provided, it appears that one party (CHT) is required to deposit its source code into escrow with a third party. The source code can be released to the counterparty (Ehave) under certain conditions, including bankruptcy, insolvency, or other specified events.",0.1134328358208955,True,True,True,False
"BLUEHILLSBANCORP,INC_05_20_2014-EX-1.1-AGENCY AGREEMENT",Document Name,"The name of the contract is ""AGENCY AGREEMENT"" [1].",0.4444444444444445,False,True,False,False
RemarkHoldingsInc_20081114_10-Q_EX-10.24_2895649_EX-10.24_Content License Agreement,Anti-Assignment,"[1] [11.8] Except as set forth herein, the parties shall not have any right or ability to assign, transfer, or sublicense any obligations or benefit under this Agreement without the prior written consent of the other party, which shall not be unreasonably withheld, except that, upon written notice to the other party, a party (i) may assign and transfer this Agreement and its rights and obligations hereunder to any third party who succeeds to substantially all its business, stock, or assets related to this Agreement, including, without limitation, to a Competitor (as defined below) (an ""Acquisition""); and (ii) may assign or transfer any rights to receive payments hereunder.

Based on the excerpt, consent is not strictly required for assignment to a third party that succeeds to substantially all the assigning party's business, stock, or assets related to the Agreement, including to a Competitor. However, written notice to the other party is required.",0.22346368715083798,True,True,True,False
"ARMSTRONGFLOORING,INC_01_07_2019-EX-10.2-INTELLECTUAL PROPERTY AGREEMENT",Effective Date,"[1] The date when the contract is effective is December 31, 2018 [1].",0.42857142857142855,True,True,True,False
NANOPHASETECHNOLOGIESCORP_11_01_2005-EX-99.1-DISTRIBUTOR AGREEMENT,Exclusivity,"The provided excerpts do not explicitly mention an exclusive dealing commitment, such as a requirement to procure all ""requirements"" from one party or prohibitions on licensing, selling, collaborating, or working with other parties. Therefore, based on the given information, I cannot confirm the presence of an exclusive dealing commitment [1].",0.13829787234042554,False,True,False,False
PapaJohnsInternationalInc_20190617_8-K_EX-10.1_11707365_EX-10.1_Endorsement Agreement,Cap On Liability,"The provided excerpts do not explicitly mention a cap on liability, time limitations for bringing claims, or maximum amounts for recovery in case of a breach. Therefore, I don't know if the contract includes such provisions based on the given information.",0.16901408450704225,False,False,False,True
AimmuneTherapeuticsInc_20200205_8-K_EX-10.3_11967170_EX-10.3_Development Agreement,Governing Law,"Based on the information provided in the excerpts, there is no explicit mention of which state or country's law governs the interpretation of the contract. Therefore, I don't know.",0.1978021978021978,False,False,False,True
Apollo Endosurgery - Manufacturing and Supply Agreement,Parties,"The two parties who signed the contract are Apollo Endosurgery, Inc. and Establishment Labs, S.A. [1]",0.25,True,True,True,False
BIOFRONTERAAG_04_29_2019-EX-4.17-SUPPLY AGREEMENT,Parties,"The two parties who signed the contract are Cutanea Life Sciences, Inc. (referred to as ""CUTANEA"") and Ferrer Internacional, S.A. (referred to as ""Ferrer"" and/or ""Supplier""). [1]",0.2758620689655173,True,True,True,False
"NETGEAR,INC_04_21_2003-EX-10.16-DISTRIBUTOR AGREEMENT",Termination For Convenience,"Yes, according to excerpts [1] and [2], a party can terminate the contract without cause by providing ninety (90) days written notice to the other party. [1] and [2] both mention this condition.",0.5,True,True,True,False
"BELLICUMPHARMACEUTICALS,INC_05_07_2019-EX-10.1-Supply Agreement",Parties,"The two parties who signed the contract are Miltenyi Biotec GmbH and Bellicum Pharmaceuticals, Inc. [1] [5]",0.125,True,True,True,False
RMRGROUPINC_01_22_2020-EX-99.1-JOINT FILING AGREEMENT,Parties,"Based on the provided excerpts, the two parties who signed the RMRGROUPINC_01_22_2020-EX-99.1-JOINT FILING AGREEMENT are:

- ABP TRUST, represented by Adam D. Portnoy, President, with the signature /s/ Adam D. Portnoy.
- Adam D. Portnoy himself, with the signature /s/ Adam D. Portnoy.",0.15384615384615385,True,False,False,False
HEALTHGATEDATACORP_11_24_1999-EX-10.1-HOSTING AND MANAGEMENT AGREEMENT (1),Liquidated Damages,"[1] mentions liquidated damages but does not explicitly state a termination fee. However, [4] discusses actions to be taken at the time of termination, which could imply some form of fee or cost. Since the excerpt does not directly mention a termination fee, I cannot confirm this as a direct answer. Therefore, based on the provided excerpts, I don't know if the contract contains a specific clause for a termination fee.",0.19801980198019803,False,True,False,True
"VISIUMTECHNOLOGIES,INC_10_20_2004-EX-10.20-DISTRIBUTOR AGREEMENT",Document Name,The name of the contract is DISTRIBUTOR AGREEMENT [1].,0.4444444444444445,True,True,True,False
SFGFINANCIALCORP_05_12_2009-EX-10.1-SOFTWARE LICENSE AND MAINTENANCE AGREEMENT,Cap On Liability,"The excerpt provided from SFGFINANCIALCORP_05_12_2009-EX-10.1-SOFTWARE LICENSE AND MAINTENANCE AGREEMENT does not explicitly mention a cap on liability upon the breach of a party’s obligation, including time limitations for bringing claims or a maximum amount for recovery. Therefore, based on the given information, I cannot confirm the presence of such a cap on liability in this specific agreement. [2]",0.15,False,True,False,False
CHAPARRALRESOURCESINC_03_30_2000-EX-10.66-TRANSPORTATION CONTRACT,Parties,"According to excerpt [1], the two parties who signed the contract are:

- JSC NOC KazakhOil, acting through Ms. A. M. Rakhimbekov, Executive Marketing Director.
- JSC Karakudukmunay, acting through Mr. N. D. Klinchev, General Director, and Mr. R. Moore, Financial Director.

[1]",0.0,True,True,True,False
TheglobeComInc_19990503_S-1A_EX-10.20_5416126_EX-10.20_Co-Branding Agreement,Governing Law,"[1] [4] According to the excerpts, the interpretation of the contract is governed by the laws of the State of Tennessee [4].",0.19444444444444442,False,True,False,False
STWRESOURCESHOLDINGCORP_08_06_2014-EX-10.1-COOPERATION AGREEMENT,Revenue/Profit Sharing,"I don't know. The provided excerpt from STWRESOURCESHOLDINGCORP_08_06_2014-EX-10.1-COOPERATION AGREEMENT does not contain any information about revenue or profit sharing for technology, goods, or services.",0.0967741935483871,False,False,False,True
N2KINC_10_16_1997-EX-10.16-SPONSORSHIP AGREEMENT,Parties,"According to excerpt [2], the two parties who signed the contract are N2K Inc. and Excite, Inc. This is evident from the signatures at the end of the document, which show:

N2K Inc.                                    Excite, Inc. By:   /s/ Jonathan Diamond                  By:",0.1081081081081081,True,True,False,False
StaarSurgicalCompany_20180801_10-Q_EX-10.37_11289449_EX-10.37_Distributor Agreement,Non-Disparagement,"[1] mentions a requirement for the Distributor not to disparage either STAAR or the Products. Specifically, it states, ""never disparage either STAAR or the Products."" [1]",0.32653061224489793,True,True,True,False
STARTECGLOBALCOMMUNICATIONSCORP_11_16_1998-EX-10.30-CONSTRUCTION AND MAINTENANCE AGREEMENT,Parties,"Based on the provided excerpts, the contract was made and entered into on the 2nd day of September 1998, between and among the Parties signatory hereto, which are collectively called ""Parties"" and individually called ""Party"". However, the specific names or identities of the parties are not provided in the excerpts given [1]. Therefore, I don't know the exact two or more parties who signed the contract.",0.0,False,True,False,True
GAINSCOINC_01_21_2010-EX-10.41-SPONSORSHIP AGREEMENT,Non-Disparagement,"Yes, according to excerpt [3], Racing and its members agree to use best efforts to conduct themselves in a manner that does not reflect unfavorably upon the Sponsor. Additionally, the Sponsor has the right to terminate the agreement if any member of Racing, including drivers, engages in activities that disparage the Sponsor's products or services. [3]",0.1754385964912281,True,True,True,False
CORIOINC_07_20_2000-EX-10.5-LICENSE AND HOSTING AGREEMENT,Governing Law,"According to excerpt [4], the contract is governed by the laws of the State of California, USA. [4]",0.3555555555555555,True,True,True,False
LinkPlusCorp_20050802_8-K_EX-10_3240252_EX-10_Affiliate Agreement,Revenue/Profit Sharing,"Based on the excerpts provided, there is no explicit mention of revenue or profit sharing between the parties for any technology, goods, or services. The excerpts discuss cooperation in developing AMR product suites and provide for periodic reports and audits [4], but do not indicate any specific revenue or profit sharing agreement. Therefore, I don't know if one party is required to share revenue or profit with the counterparty for any technology, goods, or services based on the given information.",0.12844036697247707,False,True,False,True
"FTENETWORKS,INC_02_18_2016-EX-99.4-STRATEGIC ALLIANCE AGREEMENT",Governing Law,"According to excerpt [25], the contract is governed by the laws of the State of Texas. [25]",0.3333333333333333,True,False,False,False
INTERNATIONALFASTFOODCORP_04_04_1997-EX-99-FRANCHISE AGREEMENT,Rofr/Rofo/Rofn,"Yes, there is a clause granting a right of first refusal. Specifically, excerpt [2] mentions ""15.4.2 NO WAIVER"" and ""15.4.3 UNAUTHORIZED TRANSFER VOID"" which indicate that the franchisor (BKC) has a right of first refusal. Excerpt [3] further elaborates on this right, stating that the franchisee must notify the franchisor of any offer to transfer an interest and provide certain information. [2] [3]",0.09375,False,True,False,False
STARTECGLOBALCOMMUNICATIONSCORP_11_16_1998-EX-10.30-CONSTRUCTION AND MAINTENANCE AGREEMENT,Insurance,"Based on the provided excerpts, there is a requirement for insurance that must be maintained by one party for the benefit of the counterparty. For instance, excerpt [1] states that the franchisee must cause the general contractor to maintain various types of insurance, and the franchisor or its insurer may participate in discussions with the insurance company regarding any claim. Similarly, excerpt [2] outlines the requirement for the franchisee to maintain insurance and provides details on the certificate of insurance and the franchisor's right to participate in claims procedures. Therefore, the answer is yes, there is such a requirement [1][2].",0.12612612612612614,False,True,False,False
"BELLICUMPHARMACEUTICALS,INC_05_07_2019-EX-10.1-Supply Agreement",Warranty Duration,"The excerpts provided do not specify a duration for any warranty against defects or errors in technology, products, or services provided under the contract. Therefore, I don't know the exact duration of such warranties based on the given information.",0.19999999999999998,False,False,False,True
NEONSYSTEMSINC_03_01_1999-EX-10.5-DISTRIBUTOR AGREEMENT_Amendment,Governing Law,[1],0.0,True,True,True,False
HEALTHGATEDATACORP_11_24_1999-EX-10.1-HOSTING AND MANAGEMENT AGREEMENT (1),Post-Termination Services,"Yes, a party is subject to certain obligations after the termination or expiration of the contract. Specifically, [1] states that ""at the time of termination of this Agreement, it will render all assistance, provide all documentation and undertake all actions to the extent necessary to effect an orderly assumption of the Services by the Publishers or, at the Publishers' option, by a replacement contractor."" Additionally, [1] mentions that HealthGate will be obliged to satisfy [t] and [18.3] indicates that HealthGate will use its best endeavours to procure the transfer of any Third Party Software licences to the Publishers or a third party nominated by the Publishers. These provisions suggest post-termination transition, payment, and transfer of IP commitments.",0.128,False,True,False,False
SONUSCORP_03_12_1997-EX-10.11-SPONSORSHIP AGREEMENT,Agreement Date,"The date of the contract is March 13, 1996, as stated in excerpt [2].",0.4,True,True,True,False
ReedsInc_20191113_10-Q_EX-10.4_11888303_EX-10.4_Development Agreement,Covenant Not To Sue,"[2] [3]

From excerpt [2], it is stated that ""Reed's agrees that it will not at any time contest the ownership or validity of any Company Intellectual Property, nor register or attempt to register any rights with respect to Company Intellectual Property, nor do anything that would jeopardize or diminish Company's rights to or the value of Company Intellectual Property.""

From excerpt [3], it is also stated that ""Company acknowledges that all rights of ownership of Reed's Intellectual Property, Deliverables and the goodwill symbolized thereby shall belong exclusively to and inure to the benefit of Reed's.""

These excerpts indicate that a party is restricted from contesting the validity of the counterparty’s ownership of intellectual property or bringing a claim against the counterparty for matters unrelated to the contract, as both parties acknowledge the exclusive ownership of the respective intellectual property.",0.5699481865284974,True,True,True,False
EuromediaHoldingsCorp_20070215_10SB12G_EX-10.B(01)_525118_EX-10.B(01)_Content License Agreement,Revenue/Profit Sharing,"I don't know.

The provided excerpts do not contain any information about revenue or profit sharing for technology, goods, or services. The excerpts discuss indemnification, confidentiality, limitations of liability, and the grant of rights, but do not mention any revenue or profit sharing arrangements.",0.03389830508474577,False,False,False,True
AMERICANPHYSICIANSCAPITALINC_03_31_2003-EX-10.26-AGENCY AGREEMENT,Parties,"The two or more parties who signed the contract are Mutual Insurance Corporation of America (MICOA) and Stratton, Cheeseman & Walsh-Nevada, Inc. [1]",0.07692307692307691,True,True,True,False
TRUENORTHENERGYCORP_02_08_2007-EX-10.1-DEVELOPMENT AGREEMENT,Parties,The two parties who signed the contract are BP AMERICA PRODUCTION COMPANY and TRUE NORTH ENERGY CORP. [4],0.11764705882352941,True,True,False,False
JOINTCORP_09_19_2014-EX-10.15-FRANCHISE AGREEMENT,Rofr/Rofo/Rofn,"Yes, there is a clause granting the right of first refusal. Specifically, excerpt [1] states:

14.6 Right of First Refusal. If you or any of your Principal Owners wishes to Transfer any Interest, we will have a right of first refusal to purchase that Interest as follows. [1]",0.23728813559322035,False,True,False,False
SLINGERBAGINC_05_27_2020-EX-10.7-CONSULTING AGREEMENT,Document Name,The name of the contract is CONSULTING AGREEMENT [1].,0.4444444444444445,True,True,True,False
BloomEnergyCorp_20180321_DRSA (on S-1)_EX-10_11240356_EX-10_Maintenance Agreement,Cap On Liability,"[2] mentions a ""Maximum Liability"" which is defined as ""the aggregate Residual Value of the Portfolio as of such date, and with respect to Owner, One Million Dollars ($1,000,000)"" [2]. This indicates that there is a cap on liability. However, the excerpt does not provide information on time limitations for bringing claims or the maximum amount for recovery beyond the definition of Maximum Liability. Therefore, based on the provided excerpts, we know there is a cap on liability but not the full details of the time limitations or maximum recovery amount.",0.13333333333333333,False,True,False,False
"Array BioPharma Inc. - LICENSE, DEVELOPMENT AND COMMERCIALIZATION AGREEMENT",License Grant,"Yes, the contract contains a license granted by one party to its counterparty. Specifically, [1] mentions the grant of licenses, and [2] and [4] detail the terms of these licenses. For instance, [4] states, ""Subject to the terms and conditions of this Agreement, including without limitation Array's retained rights under Section 2.1(e) below, Array grants to Ono a non-exclusive, worldwide, royalty-free license, with the right to issue and authorize sublicenses through multiple tiers, under the Patents and Know-How (as defined in this Agreement) solely to make, use, sell, offer for sale, import, the Products (collectively, the ""License"").""",0.3085714285714286,False,True,False,False
"BERKELEYLIGHTS,INC_06_26_2020-EX-10.12-COLLABORATION AGREEMENT",Uncapped Liability,"[2] mentions that a party's liability is capped under the agreement, except for specific instances including a breach of the confidentiality obligation (Article 10). Therefore, a party’s liability is not uncapped upon the breach of its obligation in the contract, and there is a cap on liability, which includes exceptions for breaches of confidentiality.",0.2,True,True,True,False
SCOUTCAMINC_05_12_2020-EX-10.22-SERVICES AGREEMENT,Expiration Date,"I don't know. The provided excerpts do not include a contract titled ""SCOUTCAMINC_05_12_2020-EX-10.22-SERVICES AGREEMENT"". Therefore, I cannot determine the expiration date of the initial term for this specific contract.",0.2153846153846154,False,False,False,True
CardlyticsInc_20180112_S-1_EX-10.16_11002987_EX-10.16_Maintenance Agreement1,Insurance,"[28.0 INDEMNITY](2) mentions insurance but does not specify which party is required to maintain it for the benefit of the other. However, [26.0 INSURANCE](3) indicates that there is a requirement for insurance. Specifically, it states:

[3] 26.0 INSURANCE

Supplier shall maintain, at its own expense, during the term of this Agreement and for a period of one (1) year thereafter, the following insurance policies in amounts and with insurers satisfactory to Bank of America:

This excerpt indicates that Supplier is required to maintain insurance for the benefit of Bank of America.",0.16260162601626013,False,True,False,False
IdeanomicsInc_20160330_10-K_EX-10.26_9512211_EX-10.26_Content License Agreement,License Grant,"[1] [5] Yes, the contract contains a license granted by one party to its counterparty. Specifically, Section 2(a) of the agreement states ""License Grant,"" indicating that a license is granted. [1] [5]",0.057692307692307696,False,True,False,False
HealthcareIntegratedTechnologiesInc_20190812_8-K_EX-10.1_11776966_EX-10.1_Reseller Agreement,Parties,"Based on the excerpts provided, the two parties who signed the contract are:

- Vayyar Imaging Ltd.
- IndeLiving Holdings, Inc.

This can be inferred from the signatures at the end of the document [4], which show:

```
By: /s/ Raviv Melamed
Chief Executive Officer
Vayyar Imaging Ltd.

By: /s/ Robert Forrest
Chief Executive Officer
IndeLiving Holdings, Inc.
```",0.09523809523809523,False,True,False,False
CytodynInc_20200109_10-Q_EX-10.5_11941634_EX-10.5_License Agreement,License Grant,"Yes, the contract contains a license granted by one party to its counterparty. This can be seen in excerpt [3] where it states: ""CytoDyn has all rights necessary to grant the licenses under the CytoDyn Know-How and the CytoDyn Patents that it grants to Vyera in this Agreement.""",0.06349206349206349,False,True,False,False
VERSOTECHNOLOGIESINC_12_28_2007-EX-99.3-INTELLECTUAL PROPERTY AGREEMENT,Parties,"The two parties who signed the contract are NMS COMMUNICATIONS CORP. (Seller) and VERSO BACKHAUL SOLUTIONS, INC. (Backhaul) [1].",0.1111111111111111,True,True,True,False
LejuHoldingsLtd_20140121_DRS (on F-1)_EX-10.26_8473102_EX-10.26_Content License Agreement2,Parties,"The two parties who signed the contract are Beijing SINA Internet Information Service Co., Ltd. and Shanghai SINA Leju Information Technology Co. Ltd. [1] [2]",0.16,True,True,False,False
"BELLICUMPHARMACEUTICALS,INC_05_07_2019-EX-10.1-Supply Agreement",Document Name,"Miltenyi Biotec-Bellicum Supply Agreement (Execution Copy March 27, 2019) [1]",0.33333333333333337,True,True,True,False
AtnInternationalInc_20191108_10-Q_EX-10.1_11878541_EX-10.1_Maintenance Agreement,Uncapped Liability,"[1] [3] [4]

Based on the excerpts provided, the liability is not uncapped for breaches of the contract. Specifically:

- Excerpt [4] states that ""NOTWITHSTANDING ANY OTHER PROVISION IN THIS AGREEMENT TO THE CONTRARY (AND WHETHER OR NOT SUCH A PROVISION CONTAINS LANGUAGE TO THE EFFECT THAT THE PROVISION TAKES PRECEDENCE OVER OTHER PROVISIONS CONTRARY TO IT), WHETHER EXPRESS OR IMPLIED, NONE OF THE LIMITATIONS OF LIABILITY (INCLUDING ANY LIMITATIONS REGARDING TYPES OF OR AMOUNTS OF DAMAGES OR LIABILITIES) SHALL BE DEEMED TO BE UNDERTAKEN BY THE PARTIES."" This indicates that there are limitations on liability, and these limitations apply even if other provisions of the agreement suggest otherwise.

- Excerpt [3] discusses the provision of modified or replacement non-infringing elements, indicating that there are mechanisms in place to address intellectual property infringement, which suggests that liability is capped or limited in such cases.

- Excerpt [1] mentions the ""Limitation of Damages"" section, which further supports the idea that there are specific limitations on the types and amounts of damages that can be claimed.

Therefore, it appears that the liability is capped or limited,",0.30769230769230765,False,True,False,False
KINGPHARMACEUTICALSINC_08_09_2006-EX-10.1-PROMOTION AGREEMENT,Audit Rights,"Yes, according to excerpts [1] and [3], a party does have the right to audit the books, records, or physical locations of the counterparty to ensure compliance with the contract. Specifically:

[1] (b) Each party shall have the right, upon five business days' prior written notice, to audit all applicable records of the other party (other than records described in Section 7.2(a)) for the purpose of determining the audited party's compliance with the obligations set forth in this Agreement...

[3] (b) Each party shall have the right, upon five business days' prior written notice, to audit all applicable records of the other party (other than records described in Section 7.2(a)) for the purpose of determining the audited party's compliance with the obligations set forth in this Agreement...",0.5542168674698795,True,True,True,False
STAMPSCOMINC_06_24_1999-EX-10.18-SPONSORSHIP AGREEMENT,Audit Rights,"Based on the provided excerpts, there is no explicit mention of a right to audit books, records, or physical locations in the STAMPSCOMINC_06_24_1999-EX-10.18-SPONSORSHIP AGREEMENT [2]. The excerpt focuses on the maintenance of websites and advertising on those sites, rather than audit rights. Therefore, I don't know if a party has the right to audit the books, records, or physical locations of the counterparty to ensure compliance with the contract based on the given information.",0.0975609756097561,False,True,False,True
"CERES,INC_01_25_2012-EX-10.20-Collaboration Agreement",Document Name,"The name of the contract is ""CERES-IGER Collaboration Agreement"". [1]",0.4,False,True,False,False
WPPPLC_04_30_2020-EX-4.28-SERVICE AGREEMENT,Expiration Date,I don't know. The provided excerpts do not specify an expiration date for the initial term of the WPPPLC_04_30_2020-EX-4.28-SERVICE AGREEMENT.,0.0,False,False,False,True
"VEONEER,INC_02_21_2020-EX-10.11-JOINT VENTURE AGREEMENT",Parties,"The two or more parties who signed the contract are Veoneer AB, Veoneer US, Inc., Nissin Kogyo Co., Ltd., Nissin Kogyo Holdings USA, Inc., and Zhongshan Nissin Industry Co., Ltd. [1] [2]",0.18181818181818182,True,True,True,False
EuromediaHoldingsCorp_20070215_10SB12G_EX-10.B(01)_525118_EX-10.B(01)_Content License Agreement,Anti-Assignment,"[1] [3] 

Based on the excerpts provided, consent or notice is required for an assignment in the context of the EuromediaHoldingsCorp_20070215_10SB12G_EX-10.B(01)_525118_EX-10.B(01)_Content License Agreement. Specifically, excerpt [1] states that no amendment, waiver, or modification is binding unless consented to in writing by the party. Similarly, excerpt [3] indicates that this contract shall not be assigned in whole or in part by either party without the prior written consent of the other party, except in specific circumstances.",0.3432835820895523,False,True,False,False
"VISIUMTECHNOLOGIES,INC_10_20_2004-EX-10.20-DISTRIBUTOR AGREEMENT",Cap On Liability,"I don't know.

The provided excerpts do not include any information from the VISIUMTECHNOLOGIES,INC_10_20_2004-EX-10.20-DISTRIBUTOR AGREEMENT. Therefore, I cannot determine if it includes a cap on liability upon the breach of a party’s obligation, including time limitations for bringing claims or maximum amounts for recovery.",0.18691588785046728,False,False,False,True
BONTONSTORESINC_04_20_2018-EX-99.3-AGENCY AGREEMENT,Insurance,"Yes, there are requirements for insurance that must be maintained by one party for the benefit of the counterparty. For example, [2] states that ""Merchant shall cause Purchaser to be named as an additional named insured (as its interest may appear) with respect to all such policies"" and [4] mentions that ""In the event of a loss to the Assets on or after the date of this Agreement, all proceeds of such insurance shall constitute Proceeds hereunder. Merchant shall deliver to Purchaser certificates evidencing such insurance, setting forth the duration thereof and naming Purchaser as an additional insured or loss payee, as applicable."" These excerpts indicate that Merchant is required to maintain insurance policies that name Purchaser as an additional insured or loss payee.",0.08695652173913043,True,True,False,False
"ATHENSBANCSHARESCORP_11_02_2009-EX-1.2-AGENCY AGREEMENT , 2009",Exclusivity,"I don't know.

The provided excerpts do not contain any information about exclusive dealing commitments, prohibitions on licensing or selling technology, goods, or services to third parties, or prohibitions on collaborating or working with other parties. The excerpts discuss compliance with laws and regulations, the validity of the agreement, and the distribution of shares, but do not mention any exclusive dealing arrangements.",0.144,False,False,False,True
CardlyticsInc_20180112_S-1_EX-10.16_11002987_EX-10.16_Maintenance Agreement1,Source Code Escrow,"Yes, based on the excerpts provided, one party (likely Bank of America) is required to deposit its source code into escrow with a third party, which can be released to the counterparty (likely Supplier) upon the occurrence of certain events such as bankruptcy, insolvency, etc. [2] [4]",0.2903225806451613,True,True,False,False
FuelcellEnergyInc_20191106_8-K_EX-10.1_11868007_EX-10.1_Development Agreement,Non-Transferable License,"[2] [5]

Based on the excerpts provided, the contract does not explicitly limit the ability of a party to transfer the license being granted to a third party. However, it does include provisions related to assignment, which can be found in Article 14 of the agreement. Additionally, the contract specifies that certain articles and sections, including those related to post-termination rights and obligations, should continue even after the termination or expiration of the agreement. This suggests that the parties have considered the transferability of the license in the context of the agreement's termination or expiration, but it does not directly state a limitation on transferability.",0.17567567567567569,False,True,False,False
CORIOINC_07_20_2000-EX-10.5-LICENSE AND HOSTING AGREEMENT,Cap On Liability,"I don't know. The provided excerpts do not contain any information regarding a cap on liability, time limitations for bringing claims, or maximum amounts for recovery in case of a breach of obligation.",0.14285714285714288,False,False,False,True
"IPAYMENT,INC_05_14_2007-EX-10.1-SPONSORSHIP AGREEMENT",Termination For Convenience,"I don't know.

The provided excerpts are from different sponsorship agreements and do not include the specific details from the IPAYMENT,INC_05_14_2007-EX-10.1-SPONSORSHIP AGREEMENT. Therefore, I cannot determine the conditions for termination without cause from the given information.",0.12000000000000001,False,False,False,True
HarpoonTherapeuticsInc_20200312_10-K_EX-10.18_12051356_EX-10.18_Development Agreement,Anti-Assignment,You don't know. The provided excerpts do not contain information about assignment requirements or notice/consent for assigning the contract to a third party.,0.11494252873563218,True,False,False,True
ArmstrongFlooringInc_20190107_8-K_EX-10.2_11471795_EX-10.2_Intellectual Property Agreement,Covenant Not To Sue,"The provided excerpts do not explicitly state whether a party is restricted from contesting the validity of the counterparty’s ownership of intellectual property or bringing a claim against the counterparty for matters unrelated to the contract. Therefore, I don't know.",0.11627906976744186,True,False,False,True
ElPolloLocoHoldingsInc_20200306_10-K_EX-10.16_12041700_EX-10.16_Development Agreement,Exclusivity,"Based on the provided excerpts, there is no explicit mention of an exclusive dealing commitment, such as a requirement to procure all ""requirements"" from one party for technology, goods, or services, or prohibitions on licensing, selling, or collaborating with third parties. The closest related excerpt is [2], which discusses non-compete covenants but does not indicate an exclusive dealing commitment. Therefore, I don't know if there is an exclusive dealing commitment in this agreement.",0.21666666666666665,False,True,False,True
ChinaRealEstateInformationCorp_20090929_F-1_EX-10.32_4771615_EX-10.32_Content License Agreement,Exclusivity,"Based on the provided excerpts, there is no explicit mention of an exclusive dealing commitment, such as a requirement to procure all ""requirements"" from one party, a prohibition on licensing or selling technology, goods, or services to third parties, or a prohibition on collaborating or working with other parties. The excerpts discuss termination, indemnification, and ownership but do not contain clauses that indicate an exclusive dealing commitment. [1][2][3][4][5]",0.23376623376623376,False,True,False,False
"XLITECHNOLOGIES,INC_12_02_2015-EX-10.02-STRATEGIC ALLIANCE AGREEMENT",License Grant,"I don't know.

The provided excerpts from the XLITECHNOLOGIES,INC_12_02_2015-EX-10.02-STRATEGIC ALLIANCE AGREEMENT do not contain any explicit mention of a license being granted by one party to the other. The document describes the relationship and agreement between BOSCH and CLIENT but does not detail any licensing terms. Therefore, based on the given information, it is not possible to determine if a license is granted in this agreement.",0.1111111111111111,False,False,False,True
FIBROGENINC_10_01_2014-EX-10.11-COLLABORATION AGREEMENT,Warranty Duration,"Based on the excerpts provided, the specific duration of any warranty against defects or errors in technology, products, or services provided under the contract is not explicitly stated. The closest relevant excerpt is [5], which mentions a warranty but does not specify a duration. Therefore, I don't know the exact duration of the warranty from the given information. [1][5]",0.10810810810810811,False,True,False,True
INGEVITYCORP_05_16_2016-EX-10.5-INTELLECTUAL PROPERTY AGREEMENT,Irrevocable Or Perpetual License,"Yes, the contract contains irrevocable and perpetual license grants. For example, [2] states ""a non-exclusive, worldwide, perpetual, irrevocable, fully paid-up, royalty-free right and license,"" and [3] also mentions ""a non-exclusive, worldwide, perpetual, irrevocable, fully paid-up, royalty-free right and license.""",0.30303030303030304,True,True,True,False
IpassInc_20181203_8-K_EX-99.1_11445874_EX-99.1_Reseller Agreement,Parties,"The two parties who signed the contract are IPASS INC. and Pareteum Corporation. This can be seen in the excerpt [5] where it states:

Channel Partner: iPass Inc.: By: /s/ Victor A. Bozzo
and
iPass Inc.: By: /s/ Christine Gardner

This indicates that both IPASS INC. and Pareteum Corporation (referred to as Channel Partner) signed the agreement.",0.03773584905660378,True,True,False,False
NeoformaInc_19991202_S-1A_EX-10.26_5224521_EX-10.26_Co-Branding Agreement,Cap On Liability,"The provided excerpts do not explicitly mention a cap on liability, time limitations for bringing claims, or a maximum amount for recovery in case of a breach. Therefore, I don't know if the contract includes such provisions based on the given information.",0.09302325581395349,False,False,False,True
"VISIUMTECHNOLOGIES,INC_10_20_2004-EX-10.20-DISTRIBUTOR AGREEMENT",Cap On Liability,"I don't know.

The provided excerpts do not include any information from the VISIUMTECHNOLOGIES,INC_10_20_2004-EX-10.20-DISTRIBUTOR AGREEMENT. Therefore, I cannot determine if it includes a cap on liability upon the breach of a party’s obligation, including time limitations for bringing claims or maximum amounts for recovery.",0.136986301369863,False,False,False,True
HPILHOLDING_01_07_2015-EX-99.1-COOPERATION AGREEMENT,Agreement Date,"The date of the contract is January 5, 2015 [1].",0.4615384615384615,True,True,True,False
LiquidmetalTechnologiesInc_20200205_8-K_EX-10.1_11968198_EX-10.1_Development Agreement,Governing Law,[1],0.0,True,True,True,False
INTRICONCORP_03_10_2009-EX-10.22-Strategic Alliance Agreement,Anti-Assignment,"Based on the excerpts provided, there is no explicit mention of consent or notice required for assignment to a third party in the INTRICONCORP_03_10_2009-EX-10.22-Strategic Alliance Agreement. However, it does state that the contract ""shall not be assigned in whole or in part by either party without the prior written consent of the other party"" [2, 12.1. Assignment]. This suggests that consent is required, but it does not specify if notice is also required. Therefore, we can infer that consent is required, but the necessity of notice is not explicitly stated in the provided excerpts.",0.2018348623853211,False,False,False,False
TEARDROPGOLFCO_10_23_1996-EX-10.12-ENDORSEMENT AGREEMENT,Revenue/Profit Sharing,"I don't know.

The provided excerpts do not contain any information about revenue or profit sharing for technology, goods, or services. The excerpts focus on the definitions and terms of the endorsement agreement, specifically regarding the use of Ogle's name and likeness for promoting Teardrop Putter Corporation's products. There is no mention of financial arrangements or sharing of profits.",0.17543859649122806,False,False,False,True
"CERES,INC_01_25_2012-EX-10.20-Collaboration Agreement",Exclusivity,"Based on the provided excerpts, there is no explicit mention of an exclusive dealing commitment, such as a requirement to procure all ""requirements"" from one party, a prohibition on licensing or selling technology to third parties, or a prohibition on collaborating or working with other parties. Therefore, I don't know if there is an exclusive dealing commitment in this agreement. [1] [4] [5]",0.11009174311926606,False,True,False,True
IpassInc_20181203_8-K_EX-99.1_11445874_EX-99.1_Reseller Agreement,Expiration Date,"The initial term of the agreement will expire on April 18, 2019, based on the information provided in the excerpts. However, the exact date is not explicitly stated in the given excerpts. The relevant excerpt is [2], which mentions the term and termination conditions but does not specify the expiration date. Given the context, we can infer that the initial term of 12 months from the effective date (April 18, 2018) would expire on April 18, 2019. [2]",0.23255813953488375,True,True,True,False
FuelcellEnergyInc_20191106_8-K_EX-10.1_11868007_EX-10.1_Development Agreement,Affiliate License-Licensee,"[3] [5]

The contract contains a license grant to FCE (FuelCell Energy, Inc.) and its affiliates. Specifically, under Article 7, ExxonMobil grants FCE a right and license to practice Program Results, which includes extending this right to contractors performing work on behalf of FCE [3]. Additionally, the definition of ""Affiliate(s)"" in Appendix A indicates that the rights and licenses granted to FCE can be extended to any entity controlled by FCE [5].",0.358974358974359,False,True,False,False
EtonPharmaceuticalsInc_20191114_10-Q_EX-10.1_11893941_EX-10.1_Development Agreement,Post-Termination Services,"Yes, a party is subject to certain obligations after the termination or expiration of the contract. According to excerpt [5], the following obligations apply post-termination:

- EtonPharmaceuticals will grant a license to market or dispose of existing inventory of any Products, subject to paying royalties and other amounts due [5].
- Aucta retains all payments made by EtonPharmaceuticals up to the point of termination for EtonPharmaceuticals' disposal of remaining inventory and is free to commercialize or relicense the Product with no further obligations to EtonPharmaceuticals [5].
- EtonPharmaceuticals will refrain from holding itself out as Aucta's distributor and will eliminate any reference to the Product and Aucta from its business, trade style, and promotional material [5].
- EtonPharmaceuticals will transfer all rights, licenses within thirty (30) days of termination [5].

These obligations indicate that there are indeed post-termination transition, payment, transfer of IP, wind-down, last-buy, or similar commitments. [5]",0.13636363636363638,True,True,False,False
SoupmanInc_20150814_8-K_EX-10.1_9230148_EX-10.1_Franchise Agreement1,Audit Rights,"You don't know. The provided excerpts do not contain any information regarding the right to audit the books, records, or physical locations of the counterparty.",0.2916666666666667,False,False,False,True
"GWG HOLDINGS, INC. - ORDERLY MARKETING AGREEMENT",Termination For Convenience,"Based on the provided excerpts, there is no explicit mention of a party being able to terminate the contract without cause solely by giving a notice and allowing a waiting period to expire. The relevant excerpt [5] discusses termination conditions but does not specify a general notice period for termination without cause. Therefore, I don't know if a party can terminate the contract without cause based on the given information.",0.12962962962962965,True,True,True,True
ReynoldsConsumerProductsInc_20200121_S-1A_EX-10.22_11948918_EX-10.22_Service Agreement,Audit Rights,"Yes, a party has the right to audit the books, records, or physical locations of the counterparty to ensure compliance with the contract. This can be seen in [2], which states that ""RCP shall, and shall cause its Affiliates to, until the 7th anniversary of the date on which RGHL or its Affiliates owns less than 10% of the capital stock in RCP, afford to RGHI and its employees and authorized representatives reasonable access to RCP's employees and auditors, retain all books, records (including accountant's work papers), and other information and documents pertaining to the Business in existence on the Commencement Date and make them available for inspection and copying."" [2]",0.32044198895027626,False,True,False,False
"Sonos, Inc. - Manufacturing Agreement",Audit Rights,"Yes, according to the agreement, Sonos has the right to audit IAC's books and records related to Sonos, as well as inspect IAC's factory, purchasing processes, manufacturing processes, quality program, and other related documentation. This right is detailed in several excerpts:

- [1] states that Sonos has the right, no more than once per year during the term, to examine and audit IAC's books and records.
- [3] and [4] further specify that Sonos can inspect IAC's factory, purchasing processes, manufacturing processes, quality program, physical inventory count, and supporting documentation.

These excerpts indicate that both financial and operational audits are covered under the agreement.",0.3471074380165289,True,True,True,False
GentechHoldingsInc_20190808_1-A_EX1A-6 MAT CTRCT_11776814_EX1A-6 MAT CTRCT_Distributor Agreement,Expiration Date,"[1] [2] The initial term of the agreement will expire on the date first written above plus three years. For GentechHoldingsInc_20190808_1-A_EX1A-6 MAT CTRCT_11776814_EX1A-6 MAT CTRCT_Distributor Agreement, the initial term expires on August 8, 2022. [1]",0.3846153846153846,True,True,True,False
TEARDROPGOLFCO_10_23_1996-EX-10.12-ENDORSEMENT AGREEMENT,Minimum Commitment,I don't know. The excerpts provided do not contain any information regarding minimum order sizes or minimum amounts of units per time period that one party must buy from the counterparty under the contract.,0.09411764705882353,False,False,False,True
"COOLTECHNOLOGIES,INC_10_25_2017-EX-10.71-Strategic Alliance Agreement",Parties,"The two parties who signed the contract are Cool Technologies Inc. and Veteran Technology Group, LLC. This can be seen in excerpt [1] where it states ""COOL TECH"" and ""VET TECH"" as the parties entering into the agreement.",0.21052631578947367,True,True,True,False
REGANHOLDINGCORP_03_31_2008-EX-10-LICENSE AND HOSTING AGREEMENT,Irrevocable Or Perpetual License,"[1] mentions an ""irrevocable 'look access only' right and license"" for the Other Third Party Software, but it does not explicitly state that the license is perpetual. Therefore, based on the provided excerpts, we don't know if the license grant is perpetual.",0.17948717948717952,True,True,False,True
GarrettMotionInc_20181001_8-K_EX-2.4_11364532_EX-2.4_Intellectual Property Agreement,Affiliate License-Licensee,"Yes, the contract contains license grants. Specifically, Article III, Section 3.01 of the Intellectual Property Agreement includes a license grant from Honeywell to Spinco regarding the Honeywell Shared IP [3].",0.21052631578947364,False,True,False,False
"BERKELEYLIGHTS,INC_06_26_2020-EX-10.12-COLLABORATION AGREEMENT",Most Favored Nation,"I don't know.

The provided excerpts do not contain any clause that addresses the entitlement of a party to better terms offered to a third party.",0.15384615384615385,False,False,False,True
PHLVARIABLEINSURANCECOCT_08_17_2009-EX-10.1-STRATEGIC ALLIANCE AGREEMENT,Termination For Convenience,"Based on the excerpts provided, there is no explicit mention of a party being able to terminate the contract without cause solely by giving a notice and allowing a waiting period to expire. The excerpts [2] and [5] list specific conditions for termination, but do not describe a general right to terminate without cause. Therefore, I don't know if a party can terminate the contract without cause based on the given information.",0.16091954022988506,False,True,False,True
AtnInternationalInc_20191108_10-Q_EX-10.1_11878541_EX-10.1_Maintenance Agreement,Anti-Assignment,"The provided excerpts do not explicitly state whether consent or notice is required for the assignment of the contract to a third party. Therefore, I don't know.",0.2553191489361702,True,False,False,True
CYBERIANOUTPOSTINC_07_09_1998-EX-10.13-PROMOTION AGREEMENT,Audit Rights,"Yes, according to excerpt [2], each party has the right to engage an independent third party to audit the books and records of the other party relevant to the calculation of Retail Impressions or CNET Sales. The audit can be conducted upon reasonable notice and during normal business hours, and the other party is required to provide reasonable cooperation.",0.8,True,True,True,False
"OASYSMOBILE,INC_07_05_2001-EX-10.17-OUTSOURCING AGREEMENT",Non-Transferable License,"[1] mentions that the license granted to HSNS is ""nonexclusive, nontransferable, non-sublicensable"". This indicates that the contract does limit the ability of HSNS to transfer the license being granted to a third party. Therefore, the answer is yes, the contract limits the ability of a party to transfer the license.",0.2903225806451613,False,True,False,False
LegacyEducationAllianceInc_20200330_10-K_EX-10.18_12090678_EX-10.18_Development Agreement,Insurance,"Yes, there is a requirement for insurance that must be maintained by one party for the benefit of the counterparty. According to the agreement [2], LEA is required to obtain and maintain necessary insurance, including Commercial General Liability Insurance, with T&B and Tarek El Moussa being named as additional insureds. [2]",0.3661971830985916,True,True,True,False
EUROPEANMICROHOLDINGSINC_03_06_1998-EX-10.6-DISTRIBUTOR AGREEMENT,Post-Termination Services,"Yes, based on the excerpt from (client A) EUROPEANMICROHOLDINGSINC_03_06_1998-EX-10.6-DISTRIBUTOR AGREEMENT [2], a party is subject to several obligations after the termination or expiration of the contract. Specifically:

- Distributor must cease certain activities such as demonstrating, marketing, sublicensing, and distributing the Product in the Territory [2](a).
- Distributor must cease using all Trademarks of WGT [2](b).
- Distributor must return certain items to WGT within 20 days following the expiration or termination of the Term [2](c).
- Distributor must provide WGT with information relating to the marketing, sale, or distribution of the Product in the Territory [2](d).

These obligations indicate that there are post-termination transition, payment, and other commitments that Distributor is subject to after the expiration or termination of the agreement.",0.3311258278145695,True,True,True,False
LegacyEducationAllianceInc_20200330_10-K_EX-10.18_12090678_EX-10.18_Development Agreement,Document Name,"The name of the contract is ""Real Estate Education Training Program Development Agreement"" [1].",0.7368421052631579,True,True,True,False
LifewayFoodsInc_20160316_10-K_EX-10.24_9489766_EX-10.24_Endorsement Agreement,Governing Law,I don't know. The provided excerpts do not mention any governing law for the interpretation of the contract.,0.05405405405405406,False,False,False,True
"GSITECHNOLOGYINC_11_16_2009-EX-10.2-INTELLECTUAL PROPERTY AGREEMENT between SONY ELECTRONICS INC. and GSI TECHNOLOGY, INC.",Agreement Date,"The date of the contract is August 28, 2009. [1]",0.5454545454545454,True,True,True,False
KALLOINC_11_03_2011-EX-10.1-STRATEGIC ALLIANCE AGREEMENT,Exclusivity,"Yes, there is an exclusive dealing commitment in the KALLOINC_11_03_2011-EX-10.1-STRATEGIC ALLIANCE AGREEMENT. Specifically, excerpt [5] states:

f) Exclusivity of territory (Nigeria): Agent's appointment shall be exclusive for the Kallo Mobile care suite of products and services marked in Schedule A to this Agreement. Such appointment constitutes a grant of specific territory of Nigeria. Exclusivity is granted for the region of Nigeria, The Agent is expected to confirm the first purchase order as per Schedule D with the down payment within thee (3) months of execution of this agreement and in order to retain the exclusivity of the territory the Agent shall achieve the target [citations omitted].

This excerpt indicates that the Agent's appointment is exclusive for the Kallo Mobile care suite of products and services in Nigeria, which constitutes an exclusive dealing commitment.",0.291970802919708,True,True,True,False
WaterNowInc_20191120_10-Q_EX-10.12_11900227_EX-10.12_Distributor Agreement,Change Of Control,"[2] mentions that termination can occur ""by either Party, if Hydraspin undergoes a Change of Control"". It does not specify if consent or notice is required from the counterparty. Therefore, based on the provided excerpts, we don't know if consent or notice is required from the counterparty in the case of a change of control.",0.0,False,True,False,True
ZEBRATECHNOLOGIESCORP_04_16_2014-EX-10.1-INTELLECTUAL PROPERTY AGREEMENT,License Grant,"Yes, the contract contains licenses granted by one party to its counterparty. Specifically, [2] states that the Purchaser acknowledges and agrees that, except as expressly set forth in certain sections, the Purchaser Licensees are not obtaining any rights in or to any Seller IP or Retained Seller Trademarks under this IP Agreement. This implies that there are licenses granted by the Seller (Motorola Solutions, Inc.) to the Purchaser (Zebra Technologies Corporation) and its licensees.",0.18181818181818182,False,True,False,False
EuromediaHoldingsCorp_20070215_10SB12G_EX-10.B(01)_525118_EX-10.B(01)_Content License Agreement,Uncapped Liability,"Based on the excerpts provided, the liability of the parties is capped in certain instances. Specifically, [1] states:

- ""Except with respect to any claim or liability arising from an infringement of any third party intellectual property right, in no event shall either party be liable for any special, indirect, consequential, punitive or incidental damages of any kind.""

This indicates that liability is capped for special, indirect, consequential, punitive, or incidental damages, except in cases of intellectual property infringement. Additionally, [4] states:

- ""No waiver of any provision of this Agreement shall constitute a waiver of any other provision, nor shall any waiver constitute a continuing waiver unless otherwise expressly provided in writing.""

This suggests that any waiver of liability must be explicitly stated in writing. Therefore, the liability is not uncapped for breaches of the contract, including breaches related to intellectual property or confidentiality obligations.",0.4367816091954023,True,True,True,False
"GOOSEHEADINSURANCE,INC_04_02_2018-EX-10.6-Franchise Agreement",Expiration Date,"[1] Term of this Agreement starts on the Effective Date and, unless this Agreement is earlier terminated in accordance with its provisions, will expire ten (10) years from the Effective Date.",0.9824561403508771,True,True,True,False
RevolutionMedicinesInc_20200117_S-1_EX-10.1_11948417_EX-10.1_Development Agreement,Uncapped Liability,"I don't know.

The provided excerpts do not contain explicit information about uncapped liability for breaches, including IP infringement or breach of confidentiality obligations. The excerpts discuss confidentiality obligations, exceptions to those obligations, and notice procedures for material breaches, but do not address uncapped liability for specific types of breaches.",0.18947368421052632,False,False,False,True
"MARSHALLHOLDINGSINTERNATIONAL,INC_04_14_2004-EX-10.15-ENDORSEMENT AGREEMENT",Change Of Control,"I don't know.

The provided excerpts do not contain information related to MARSHALLHOLDINGSINTERNATIONAL,INC_04_14_2004-EX-10.15-ENDORSEMENT AGREEMENT. The excerpts are from different agreements and do not address the specific scenario asked in the question.",0.10810810810810811,False,False,False,True
ADAMSGOLFINC_03_21_2005-EX-10.17-ENDORSEMENT AGREEMENT,Anti-Assignment,"Based on the excerpt from ADAMSGOLFINC_03_21_2005-EX-10.17-ENDORSEMENT AGREEMENT, no specific requirement for consent or notice is mentioned regarding the assignment of the contract to a third party. The relevant part of the excerpt is:

(v) Assignment.  Neither this Agreement nor any right created by it shall be assignable by either party without the prior written consent of the other or as stated herein. [1]

This indicates that general assignment requires the prior written consent of the other party, but it does not specify a requirement for notice or consent if the contract is assigned to a third party, such as a wholly-owned subsidiary or joint venture. Therefore, based on the provided information, we don't know if specific consent or notice is required for assignment to a third party.",0.1605839416058394,False,True,False,True
SPHERE3DCORP_06_24_2020-EX-10.12-CONSULTING AGREEMENT,Renewal Term,"The SPHERE3DCORP_06_24_2020-EX-10.12-CONSULTING AGREEMENT does not specify the exact renewal term after the initial term expires. It only mentions that the agreement will automatically renew for successive periods unless either party provides written notice of non-renewal. Therefore, based on the provided excerpts, I don't know the specific duration of the renewal term. [1]",0.14285714285714285,False,True,False,True
OFGBANCORP_03_28_2007-EX-10.23-OUTSOURCING AGREEMENT,Non-Transferable License,"The provided excerpts do not contain any specific clause that limits the ability of a party to transfer the license being granted to a third party in the OFGBANCORP_03_28_2007-EX-10.23-OUTSOURCING AGREEMENT. Therefore, based on the given information, we cannot determine if there are restrictions on transferring the license. [1] [2] [3] [4]",0.2,False,True,False,False
"Loop Industries, Inc. - Marketing Agreement",Parties,[1],0.0,True,True,True,False
DIVERSINETCORP_03_01_2012-EX-4-RESELLER AGREEMENT,Effective Date,"[1] The date when the contract is effective is January 11, 2011.",0.4615384615384615,True,True,True,False
MEDIWOUNDLTD_01_15_2014-EX-10.6-SUPPLY AGREEMENT,Insurance,"[1] [3]

From excerpt [1], CBC is required to maintain or cause to be maintained insurance for their activities contemplated by the agreement, and upon request, CBC must provide MediWound with certification of insurance. From excerpt [3], CBC and MediWound agree to keep confidential all information received from each other during or in anticipation of the agreement, and MediWound's insurance coverage for special, punitive, indirect, incidental, or consequential damages is mentioned. This indicates that there is a requirement for insurance that must be maintained by one party (CBC) for the benefit of the counterparty (MediWound).",0.25531914893617025,True,True,True,False
NeoformaInc_19991202_S-1A_EX-10.26_5224521_EX-10.26_Co-Branding Agreement,Non-Compete,"[5] does not mention any restrictions on competing with the counterparty, operating in a certain geography, or business or technology sector. The agreement focuses more on the co-branding of career and training centers, the provision of leads, and the use of content. Therefore, based on the provided excerpts, I don't know if there are restrictions on competing or operating in a specific sector.",0.19354838709677416,True,True,True,True
LejuHoldingsLtd_20140121_DRS (on F-1)_EX-10.26_8473102_EX-10.26_Content License Agreement2,Parties,"The two parties who signed the contract are Beijing SINA Internet Information Service Co., Ltd. and Shanghai SINA Leju Information Technology Co. Ltd. [1] [2]",0.16,True,True,False,False
FuelcellEnergyInc_20191106_8-K_EX-10.1_11868007_EX-10.1_Development Agreement,Termination For Convenience,"Yes, a party can terminate the contract without cause by giving the other party sixty (60) days prior written notice. [1]",0.4782608695652174,True,True,True,False
BLUEFLYINC_03_27_2002-EX-10.27-e-business Hosting Agreement,Governing Law,"According to excerpt [5], the Agreement will be governed by the substantive laws of the State of New York, without regard for its conflict of laws provisions. [5]",0.8695652173913043,True,True,True,False
"FOUNDATIONMEDICINE,INC_02_02_2015-EX-10.2-Collaboration Agreement",Renewal Term,The renewal term after the initial term expires for both Sample Profiling and Database Insights is an additional three (3) year period. This extension is subject to Roche's option and is during any period of time in which Roche is a majority shareholder of FMI. [1] [5],0.08888888888888888,True,True,True,False
EMERALDHEALTHTHERAPEUTICSINC_06_10_2020-EX-4.5-CONSULTING AGREEMENT - DR. GAETANO MORELLO N.D. INC.,Anti-Assignment,You don't know. The provided excerpts do not contain information about the assignment of the contract to a third party or the requirements for consent or notice in such a case.,0.2380952380952381,False,False,False,True
DigitalCinemaDestinationsCorp_20111220_S-1_EX-10.10_7346719_EX-10.10_Affiliate Agreement,Anti-Assignment,"Based on the excerpts provided, specifically from [1], consent is required for an assignment. The relevant section states:

""Network Affiliate may not assign or transfer, by operation of law or otherwise, any of its rights under this Agreement or delegate any of its duties under this Agreement to any third party without NCM's prior written consent, which consent shall not be unreasonably withheld, conditioned or delayed. [1]""

So, consent from NCM is required for an assignment to a third party.",0.7804878048780487,True,True,True,False
"ETELOS,INC_03_09_2004-EX-10.8-DISTRIBUTOR AGREEMENT",Parties,"[4] Tripath Technology, Inc. (""Tripath""), and Uniquest Corporation signed the contract.",0.0,True,True,True,False
CardlyticsInc_20180112_S-1_EX-10.16_11002987_EX-10.16_Maintenance Agreement1,Ip Ownership Assignment,"[2] mentions that the Software and documentation delivered under the agreement are considered ""intellectual property"" under Section 101(35A) of the Code. However, it does not explicitly state that the intellectual property created by one party becomes the property of the counterparty. Therefore, based on the provided excerpts, I don't know if the intellectual property created by one party becomes the property of the counterparty either per the terms of the contract or upon the occurrence of certain events.",0.25,False,True,False,True
SCOUTCAMINC_05_12_2020-EX-10.22-SERVICES AGREEMENT,Parties,"Based on the provided excerpts, the contract SCOUTCAMINC_05_12_2020-EX-10.22-SERVICES AGREEMENT was signed between Idan Maimon and Intellisense Solutions, Inc., a Nevada corporation. Therefore, the two parties who signed the contract are:

1. Idan Maimon
2. Intellisense Solutions, Inc.",0.0,True,False,False,False
SigaTechnologiesInc_20190603_8-K_EX-10.1_11695818_EX-10.1_Promotion Agreement,Notice Period To Terminate Renewal,"The notice period for termination is not explicitly detailed in the provided excerpts from SigaTechnologiesInc_20190603_8-K_EX-10.1_11695818_EX-10.1_Promotion Agreement. Therefore, I don't know the specific notice period required to terminate renewal based on the given information.",0.15730337078651688,False,False,False,True
"DRIVENDELIVERIES,INC_05_22_2020-EX-10.4-CONSULTING AGREEMENT",Governing Law,"[2] [3] 

The contract is governed by the laws of the State of California as stated in Exhibit 10.4 CONSULTING AGREEMENT [2], and also by the laws of the State of California as stated in DRIVENDELIVERIES,INC_05_22_2020-EX-10.4-CONSULTING AGREEMENT [3].",0.37037037037037035,True,True,True,False
NmfSlfIInc_20200115_10-12GA_EX-10.5_11946987_EX-10.5_Trademark License Agreement,Parties,"The two parties who signed the contract are New Mountain Capital, L.L.C. (Licensor) and NMF Senior Loan Fund I, Inc. (Licensee) [1].",0.4615384615384615,True,True,True,False
NETGROCERINC_07_31_1998-EX-10.15-SPONSORSHIP AGREEMENT,Non-Compete,"Based on the provided excerpts, there is no explicit restriction on the ability of a party to compete with the counterparty or operate in a certain geography or business or technology sector [1][2][3][4][5]. The agreement does mention ""Competitors"" in the context of online supermarkets but does not impose geographical, business, or technology sector restrictions [5].",0.17821782178217824,True,True,True,False
PapaJohnsInternationalInc_20190617_8-K_EX-10.1_11707365_EX-10.1_Endorsement Agreement,Covenant Not To Sue,"Yes, according to excerpt [3], each party acknowledges and agrees that the other party shall not at any time acquire or claim any right, title or interest of any nature whatsoever in any such copyright or trademark by virtue of this Agreement, and the other party shall not contest or assist others to contest the validity of any such copyright or trademark. This indicates that a party is restricted from contesting the validity of the counterparty’s ownership of intellectual property. [3]",0.3510638297872341,False,True,False,False
"OPTIMIZEDTRANSPORTATIONMANAGEMENT,INC_07_26_2000-EX-6.6-DISTRIBUTOR AGREEMENT",Warranty Duration,"I don't know. The provided excerpts are from different companies and do not include the specific contract mentioned in the question, OPTIMIZEDTRANSPORTATIONMANAGEMENT,INC_07_26_2000-EX-6.6-DISTRIBUTOR AGREEMENT. Therefore, I cannot determine the duration of any warranty against defects or errors in technology, products, or services from the given information.",0.17204301075268816,False,False,False,True
MANUFACTURERSSERVICESLTD_06_05_2000-EX-10.14-OUTSOURCING AGREEMENT,Parties,"Based on the information provided in the excerpts, the two parties who signed the contract are:

- International Business Machines Corporation (""IBM"")
- Manufacturer's Services Western U.S. Operations, Incorporated (""MSL"")

This can be inferred from the signatures on the documents [2], [3], and [4], which show both parties signing as ""ACCEPTED AND AGREED TO:"" [2], [3], [4].",0.18181818181818182,False,True,False,False
"CORALGOLDRESOURCES,LTD_05_28_2020-EX-4.1-CONSULTING AGREEMENT",Cap On Liability,"Based on the provided excerpts, the contract does not explicitly mention a cap on liability upon the breach of a party's obligation, nor does it include specific time limitations for bringing claims or a maximum amount for recovery. The closest related excerpt is [2], which discusses confidentiality but does not address liability caps or limitation periods. Therefore, I don't know if the contract includes a cap on liability upon the breach of a party’s obligation.",0.18181818181818182,False,True,False,True
PfHospitalityGroupInc_20150923_10-12G_EX-10.1_9266710_EX-10.1_Franchise Agreement1,No-Solicit Of Employees,"The provided excerpts do not explicitly mention any restrictions on a party's solicitation or hiring of employees and/or contractors from the counterparty, either during or after the contract. Therefore, based on the given information, I cannot confirm the presence of such restrictions.",0.22580645161290322,False,False,False,False
OPERALTD_04_30_2020-EX-4.14-SERVICE AGREEMENT,Uncapped Liability,"I don't know.

The provided excerpts do not contain information from the specific ""OPERALTD_04_30_2020-EX-4.14-SERVICE AGREEMENT"" you are asking about. The excerpts are from different agreements and do not address the specific question regarding uncapped liability for IP infringement or breach of confidentiality.",0.10638297872340426,False,False,False,True
WELLSFARGOMORTGAGEBACKEDSECURITIES2006-6TRUST_05_11_2006-EX-10.3-Yield Maintenance Agreement,Expiration Date,You don't know. The provided excerpts do not specify an expiration date for the initial term of the contract.,0.0,False,False,False,True
PREMIERBIOMEDICALINC_05_14_2020-EX-10.2-INTELLECTUAL PROPERTY AGREEMENT,Affiliate License-Licensee,"Based on the provided excerpts, the PREMIERBIOMEDICALINC_05_14_2020-EX-10.2-INTELLECTUAL PROPERTY AGREEMENT does not explicitly contain a license grant to a licensee (including a sublicensor) and the affiliates of such licensee/sublicensor. The excerpt [2] from ARMSTRONGFLOORING,INC_01_07_2019-EX-10.2-INTELLECTUAL PROPERTY AGREEMENT mentions sublicensing to affiliates, but this is not part of the Premier Biomedical Inc. agreement. Therefore, I don't know if the Premier Biomedical Inc. agreement includes such a provision.",0.16,False,True,False,True
UAGHINC_04_14_2004-EX-10.18-MAINTENANCE AGREEMENT,Parties,"According to the excerpt [1], the two parties who signed the contract are:

- Universal Access, Inc. (the Company)
- CityNet Telecommunications, Inc. (the Provider)",0.2857142857142857,True,True,True,False
ENTERTAINMENTGAMINGASIAINC_02_15_2005-EX-10.5-DISTRIBUTOR AGREEMENT,Effective Date,"[1] The date when the contract is effective is January 21, 2005.",0.4615384615384615,True,True,True,False
CHERRYHILLMORTGAGEINVESTMENTCORP_09_26_2013-EX-10.1-Strategic Alliance Agreement,Document Name,"The name of the contract is ""Strategic Alliance Agreement"" [1].",0.5454545454545454,True,True,False,False
SmartRxSystemsInc_20180914_1-A_EX1A-6 MAT CTRCT_11351705_EX1A-6 MAT CTRCT_Distributor Agreement,Agreement Date,"The date of the contract is May 17, 2017, as stated in excerpt [1].",0.3333333333333333,True,True,True,False
"MEDALISTDIVERSIFIEDREIT,INC_05_18_2020-EX-10.1-CONSULTING AGREEMENT",Parties,"[1] The two parties who signed the contract are Gunston Consulting, LLC (""CONSULTANT"") and Medalist Diversified REIT, Inc. (""REIT"" or the ""Company"").",0.09523809523809525,True,True,True,False
Apollo Endosurgery - Manufacturing and Supply Agreement,Governing Law,I don't know. The provided excerpts do not mention the governing law for the interpretation of the contract.,0.0425531914893617,False,False,False,True
BellringBrandsInc_20190920_S-1_EX-10.12_11817081_EX-10.12_Manufacturing Agreement2,Parties,"The two parties who signed the contract are Premier Nutrition Corporation and Stremick's Heritage Foods, LLC. This can be seen from the signatures section of the agreement [1].",0.2857142857142857,False,True,False,False
TELKOMSALTD_01_30_2003-EX-10-LICENCE AND MAINTENANCE AGREEMENT,Revenue/Profit Sharing,"Yes, one party is required to share revenue with the counterparty. According to excerpt [2], the agreement includes a ""REVENUE SHARE FEE"" that TELKOM must pay to SAP AFRICA based on the ""total gross revenue"" earned or derived by TELKOM from the use of the SOFTWARE, with certain exclusions. [2]",0.1923076923076923,True,True,False,False
ENTERTAINMENTGAMINGASIAINC_02_15_2005-EX-10.5-DISTRIBUTOR AGREEMENT,Cap On Liability,"I don't know. The provided excerpts are from other distributor agreements and do not include the specific contract in question, ENTERTAINMENTGAMINGASIAINC_02_15_2005-EX-10.5-DISTRIBUTOR AGREEMENT. Therefore, I cannot determine if it includes a cap on liability upon the breach of a party’s obligation, including time limitations for bringing claims or maximum amounts for recovery.",0.15909090909090912,False,False,False,True
WebmdHealthCorp_20050908_S-1A_EX-10.7_1027007_EX-10.7_Content License Agreement,Agreement Date,"The date of the contract is October 1, 2005, as stated in the Effective Date in [1].",0.35294117647058826,True,True,True,False
STAMPSCOMINC_06_24_1999-EX-10.18-SPONSORSHIP AGREEMENT,Audit Rights,"Based on the provided excerpts, there is no explicit mention of an audit right in the STAMPSCOMINC_06_24_1999-EX-10.18-SPONSORSHIP AGREEMENT [2]. The excerpt focuses on the recitals and does not detail any audit provisions. Therefore, I don't know if a party has the right to audit the books, records, or physical locations of the counterparty to ensure compliance with the contract based on the given information.",0.14893617021276595,False,True,False,True
DYNTEKINC_07_30_1999-EX-10-ONLINE HOSTING AGREEMENT,Renewal Term,"I don't know.

The provided excerpts do not include any information related to DYNTEKINC_07_30_1999-EX-10-ONLINE HOSTING AGREEMENT. The question cannot be answered based on the given excerpts.",0.08823529411764705,False,False,False,True
GluMobileInc_20070319_S-1A_EX-10.09_436630_EX-10.09_Content License Agreement1,Rofr/Rofo/Rofn,"I don't know.

The provided excerpts do not contain any explicit clauses that mention a right of first refusal, right of first offer, or right of first negotiation for the purchase, license, market, or distribute equity interest, technology, assets, products, or services. The excerpts discuss termination conditions, waiver and modification, relationship of the parties, and market penetration targets, but do not include the specific rights requested.",0.17094017094017094,False,False,False,True
EuromediaHoldingsCorp_20070215_10SB12G_EX-10.B(01)_525118_EX-10.B(01)_Content License Agreement,Parties,"The two parties who signed the contract are Rogers Cable Communications Inc. and EuroMedia Holdings Corp. This can be inferred from the signatures section in excerpt [1], which shows signatures from Edward Rogers (President and CEO of Rogers Cable Communications Inc.), David Purdy (Vice-President, General Manager, Television of Rogers), and Sebastien Perioche (Chairman/CEO of EuroMedia Holdings Corp.).",0.0,True,True,False,False
BEYONDCOMCORP_08_03_2000-EX-10.2-CO-HOSTING AGREEMENT,Agreement Date,"The Effective Date of the Agreement is September 21, 1998, as stated in the recitals [1].",0.375,True,True,True,False
ASIANDRAGONGROUPINC_08_11_2005-EX-10.5-Reseller Agreement,Document Name,The name of the contract is Reseller Agreement [1].,0.4444444444444445,True,True,True,False
TELEGLOBEINTERNATIONALHOLDINGSLTD_03_29_2004-EX-10.10-CONSTRUCTION AND MAINTENANCE AGREEMENT,Audit Rights,"Yes, according to excerpt [1], any Party has the right to review or audit the relevant books, records, vouchers, and accounts of costs pursuant to Paragraph 9. Additionally, excerpt [1] states that in affording the right to review or audit, any such Party whose records are being reviewed or audited shall be permitted to recover, from the Party or Parties requesting the review or audit, the entire costs reasonably incurred in complying with the review or audit. [1]",0.11764705882352942,False,True,False,False
Monsanto Company - SECOND A_R EXCLUSIVE AGENCY AND MARKETING AGREEMENT,Insurance,"Yes, according to Section 6.5 of the agreement [1], the Agent is required to maintain full insurance against the risk of loss or damages to the Roundup Products while they are under the custody of the Agent. Additionally, upon request, the Agent must provide Monsanto with satisfactory evidence of the maintenance of this insurance.",0.6813186813186812,True,True,True,False
NakedBrandGroupInc_20150731_POS AM (on S-1)_EX-10.75_9196027_EX-10.75_Endorsement Agreement,Parties,"Based on the excerpts provided, the two parties who signed the contract are:

- Naked Brand Group, Inc. (""Naked"")
- Wade Enterprises, LLC (""Wade"")

This can be seen from the witness signatures at the end of the agreement [2].",0.20833333333333331,True,True,False,False
"CERES,INC_01_25_2012-EX-10.20-Collaboration Agreement",Post-Termination Services,"Yes, a party is subject to certain obligations after the termination or expiration of the contract. According to the excerpts, after termination:

- IGER can recover any royalties due as of termination [3].
- The rights and obligations of sublicenses granted by CERES or its affiliates to third parties are not affected by termination and will remain in effect according to their terms [3].
- Either party can obtain a remedy for any breach of the provisions of the Agreement [3].

These points indicate that there are post-termination obligations and commitments [1].",0.3025210084033613,False,True,False,False
"LEGACYTECHNOLOGYHOLDINGS,INC_12_09_2005-EX-10.2-DISTRIBUTOR AGREEMENT",Exclusivity,"I don't know. The provided excerpts are from agreements with different companies and do not include the specific text from LEGACYTECHNOLOGYHOLDINGS,INC_12_09_2005-EX-10.2-DISTRIBUTOR AGREEMENT. Therefore, I cannot determine if there is an exclusive dealing commitment in that particular agreement.",0.1095890410958904,False,False,False,True
BIOFRONTERAAG_04_29_2019-EX-4.17-SUPPLY AGREEMENT,Cap On Liability,"I don't know.

The provided excerpts from BIOFRONTERAAG_04_29_2019-EX-4.17-SUPPLY AGREEMENT do not contain specific information about a liability cap or time limitations for bringing claims or maximum amounts for recovery. The excerpts discuss survival of certain sections upon termination or expiration of the agreement and warranties related to the products, but do not mention a liability cap.",0.125,False,False,False,True
WaterNowInc_20191120_10-Q_EX-10.12_11900227_EX-10.12_Distributor Agreement,Effective Date,"[1] The Effective Date of the Agreement is November 12, 2019.",0.42857142857142855,True,True,True,False
AtnInternationalInc_20191108_10-Q_EX-10.1_11878541_EX-10.1_Maintenance Agreement,Insurance,"Yes, there is a requirement for insurance that must be maintained by one party for the benefit of the counterparty. Specifically, [4] states that the Vendor must maintain Products/Completed Operations insurance for at least two years following completion of the Work, with an occurrence limit of $1,000,000. Additionally, the Commercial General Liability insurance policy must include AT&T, its Affiliates, and their directors, officers, and employees as additional insureds, and the Vendor must provide a copy of the additional insured endorsement to AT&T.",0.13636363636363638,False,True,False,False
"BLUEHILLSBANCORP,INC_05_20_2014-EX-1.1-AGENCY AGREEMENT",Insurance,"I don't know.

The provided excerpts do not explicitly mention any requirement for one party to maintain insurance for the benefit of the other party. They do discuss various conditions and covenants, including the absence of material adverse effects and compliance with regulatory requirements, but there is no specific reference to insurance coverage.",0.18823529411764706,False,False,False,True
BUFFALOWILDWINGSINC_06_05_1998-EX-10.3-FRANCHISE AGREEMENT,Liquidated Damages,"I don't know.

The provided excerpts do not contain any specific information about a liquidated damages clause or a termination fee in the BUFFALOWILDWINGSINC_06_05_1998-EX-10.3-FRANCHISE AGREEMENT. The excerpts from other clients' agreements discuss similar topics but do not pertain to the specific agreement in question.",0.10526315789473684,False,False,False,True
EMERALDHEALTHTHERAPEUTICSINC_06_10_2020-EX-4.5-CONSULTING AGREEMENT - DR. GAETANO MORELLO N.D. INC.,Effective Date,"[1] mentions that the Effective Date of the agreement is ""the 10 day of January 2019"".",0.5555555555555556,True,True,True,False
"BERKELEYLIGHTS,INC_06_26_2020-EX-10.12-COLLABORATION AGREEMENT",Anti-Assignment,"Yes, consent or notice is required for an assignment. According to excerpt [2], neither party may assign or transfer this Agreement without the prior written consent of the other party, except for certain permitted assignments. For any other assignment, the consent of the other party is necessary.",0.26666666666666666,True,True,False,False
"INNOVIVA,INC_08_07_2014-EX-10.1-COLLABORATION AGREEMENT",Governing Law,"[5] According to the substantive law of the State of Delaware, notwithstanding the provisions governing conflict of laws under such Delaware law to the contrary, except matters of intellectual property law which shall be determined in accordance with the intellectual property laws relevant to the intellectual property in question.",0.875,True,True,True,False
KINGPHARMACEUTICALSINC_08_09_2006-EX-10.1-PROMOTION AGREEMENT,Audit Rights,"Yes, according to excerpts [1] and [3], a party does have the right to audit the books, records, or physical locations of the counterparty to ensure compliance with the contract. Specifically:

[1] (b) Each party shall have the right, upon five business days' prior written notice, to audit all applicable records of the other party (other than records described in Section 7.2(a)) for the purpose of determining the audited party's compliance with the obligations set forth in this Agreement...

[3] (b) Each party shall have the right, upon five business days' prior written notice, to audit all applicable records of the other party (other than records described in Section 7.2(a)) for the purpose of determining the audited party's compliance with the obligations set forth in this Agreement...",0.03252032520325203,True,True,True,False
DYNAMEXINC_06_06_1996-EX-10.4-TRANSPORTATION SERVICES AGREEMENT,Cap On Liability,"[1] mentions a time limitation for the non-breaching party to cure a breach or default, which is within 30 days of written notice [1]. It also discusses remedies for a party in default, including the right to terminate the agreement and recover monies due [1]. However, it does not explicitly mention a cap on liability upon the breach of a party's obligation or specific time limitations for bringing claims or maximum amounts for recovery. Therefore, based on the provided excerpts, I don't know if the contract includes a cap on liability upon the breach of a party’s obligation.",0.11320754716981131,True,True,False,True
BEYONDCOMCORP_08_03_2000-EX-10.2-CO-HOSTING AGREEMENT,Cap On Liability,"Based on the excerpts provided, the BEYONDCOMCORP_08_03_2000-EX-10.2-CO-HOSTING AGREEMENT does not explicitly include a cap on liability upon the breach of a party's obligation, such as a specific maximum amount for recovery. However, it does include a limitation period for bringing actions related to the agreement, as stated in Section 6.3 [1]. Additionally, there are disclaimers and exclusions of liability, but no explicit cap on the amount of liability is mentioned. Therefore, based on the given excerpts, I don't know if there is a specific cap on liability for breaches.",0.1414141414141414,False,True,False,True
"BLUEROCKRESIDENTIALGROWTHREIT,INC_06_01_2016-EX-1.1-AGENCY AGREEMENT",Parties,"The contract was signed by several parties including:

- BLUEROCK RESIDENTIAL GROWTH REIT, INC.
- BLUEROCK RESIDENTIAL HOLDINGS, L.P.
- BRG MANAGER, LLC

These are identified in the signatures section of the agreement [1].",0.0,False,True,False,False
ScansourceInc_20190509_10-Q_EX-10.2_11661422_EX-10.2_Distributor Agreement,Parties,"The two parties who signed the contract are Zebra Technologies International, LLC and Scansource, Inc. [2]",0.4444444444444445,False,True,False,False
AlliedEsportsEntertainmentInc_20190815_8-K_EX-10.19_11788293_EX-10.19_Content License Agreement,Governing Law,I don't know. The specific governing law for the interpretation of the contract is not mentioned in the provided excerpts.,0.11538461538461539,False,False,False,True
KINGPHARMACEUTICALSINC_08_09_2006-EX-10.1-PROMOTION AGREEMENT,License Grant,"Yes, the contract contains licenses granted by one party to its counterparty. Specifically, [1] states that Depomed grants licenses to King, including the right to license to King all Technology necessary for the manufacture of the Product. Additionally, [5] mentions that neither party grants the other, by implication, a license or other right or interest in their respective patents, trademarks, etc., except as necessary for promoting the Product pursuant to the agreement.",0.32,False,True,False,False
"NETGEAR,INC_04_21_2003-EX-10.16-DISTRIBUTOR AGREEMENT",Warranty Duration,"[1] [3] 

The warranty period for each Product is specified in the Price List that is in effect on the date NETGEAR receives Distributor's order. The minimum warranty period for all Products is ninety days, except for those Products specifically identified in the Price List as provided ""AS IS"" with no warranties. NETGEAR reserves the right to change a warranty period for a specific Product but only for orders placed after the effective date of such change.",0.14285714285714282,False,True,False,False
"VEONEER,INC_02_21_2020-EX-10.11-JOINT VENTURE AGREEMENT",Parties,"The two or more parties who signed the contract are Veoneer AB, Veoneer US, Inc., Nissin Kogyo Co., Ltd., Nissin Kogyo Holdings USA, Inc., and Zhongshan Nissin Industry Co., Ltd. [1] [2]",0.18181818181818182,True,True,True,False
"GWG HOLDINGS, INC. - ORDERLY MARKETING AGREEMENT",Document Name,The name of the contract is ORDERLY MARKETING AGREEMENT [1].,0.5454545454545454,True,True,True,False
PelicanDeliversInc_20200211_S-1_EX-10.3_11975895_EX-10.3_Development Agreement1,Parties,"Based on the excerpts provided, the two parties who signed the contract are:

- SeattleSoftwareDevelopers, Inc. represented by Julian Valentine, VP [4]
- PelicanDelivers Inc. represented by Dave Comeau, Shareholder [4]",0.06666666666666668,True,True,True,False
VARIABLESEPARATEACCOUNT_04_30_2014-EX-13.C-UNCONDITIONAL CAPITAL MAINTENANCE AGREEMENT,Agreement Date,"The date of the contract is February 18, 2014, as stated in excerpt [1].",0.4,True,True,True,False
Monsanto Company - SECOND A_R EXCLUSIVE AGENCY AND MARKETING AGREEMENT,Exclusivity,"Yes, there is an exclusive dealing commitment. According to [4], Section 2.2, Monsanto shall exclusively use the Agent for the performance of all of the services contemplated by this Agreement. This indicates that Monsanto is committed to using the Agent for certain services related to the sale and promotion of Roundup Products. [1] also supports this by mentioning that neither party nor its affiliates shall enter into any business relationship with any director, employee, or agent of the other party or any of its Affiliates unless such person is acting for and on behalf of such party, further emphasizing the exclusivity.",0.29850746268656714,False,True,False,False
PerformanceSportsBrandsInc_20110909_S-1_EX-10.10_7220214_EX-10.10_Endorsement Agreement,Volume Restriction,"Based on the provided excerpts, there is no explicit mention of a fee increase or consent requirement if one party's use of the product or services exceeds a certain threshold. The agreement does discuss compensation [2, 3], but it does not specify any conditions for increased fees based on usage thresholds. Therefore, I don't know if there is such a provision in this agreement.",0.1724137931034483,False,False,False,True
"TALLGRASSENERGY,LP_02_20_2020-EX-99.26-JOINT FILING AGREEMENT",Parties,"Based on the information provided in the excerpts, the two parties who signed the TALLGRASSENERGY,LP_02_20_2020-EX-99.26-JOINT FILING AGREEMENT are:

- PRAIRIE ECI ACQUIROR LP [4]
- PRAIRIE NON-ECI ACQUIROR LP [4]

These parties signed the agreement as follows:

- PRAIRIE ECI ACQUIROR LP: By: BIP Holdings Manager L.L.C., its general partner, represented by /s/ Sean Klimczak [4]
- PRAIRIE NON-ECI ACQUIROR LP: By: BIP Holdings Manager L.L.C., its general partner, represented by /s/ Sean Klimczak [4]",0.028571428571428574,False,True,False,False
Apollo Endosurgery - Manufacturing and Supply Agreement,Notice Period To Terminate Renewal,"[3] mentions the notice period required to terminate the renewal of the agreement: ""either party with one (1) year written notice prior to the expiration of the initial period or any extension period thereof."" This indicates that a one-year written notice is required to terminate the renewal. [1] and [2] also support this by providing the addresses for notice and the format it should follow, but do not specify the notice period for renewals. Therefore, the notice period required to terminate the renewal is one year. [3]",0.4210526315789474,True,True,True,False
PareteumCorp_20081001_8-K_EX-99.1_2654808_EX-99.1_Hosting Agreement,Effective Date,I don't know. The specific effective date of the contract is not provided in the given excerpts.,0.13636363636363638,False,False,False,True
"KIROMICBIOPHARMA,INC_04_08_2020-EX-10.28-JOINT VENTURE AGREEMENT",Ip Ownership Assignment,"[3] [5]

According to the excerpts provided, the intellectual property created by one party does not automatically become the property of the counterparty. Specifically, under clause 6 (""Intellectual Property Rights""), it is stated that ""Kiromic assigns to Molipharma all the rights of publication of the research, unless they are considered confidential for patenting."" This indicates that while there is an assignment of publication rights, the ownership of the intellectual property itself is not transferred to Molipharma without considering patent confidentiality.

Additionally, clause 7 (""Economic Rights"") outlines the division of commercial rights arising from the research programs, but it does not specify that intellectual property becomes the property of the other party. The text only mentions the division of commercial rights, not the transfer of intellectual property rights.

Therefore, based on the information provided, intellectual property created by one party does not become the property of the counterparty either per the terms of the contract or upon the occurrence of certain events.",0.21794871794871798,True,True,True,False
"Sonos, Inc. - Manufacturing Agreement",Document Name,"The name of the contract is ""Manufacturing Agreement"" [1].",0.4444444444444445,True,True,True,False
AudibleInc_20001113_10-Q_EX-10.32_2599586_EX-10.32_Co-Branding Agreement_ Marketing Agreement_ Investment Distribution Agreement,Non-Compete,"[1] mentions a restriction on ACSI Competitors, which is a term defined in the agreement. Specifically, it states that ACSI may update the list of ACSI Competitors no more frequently than once per quarter, and that the number of entities specified on such list shall at no time exceed a certain number, and any entities added to such list must meet certain criteria. This indicates that there is indeed a restriction on the ability of a party to compete with the counterparty, though it is limited to the updating of a list of competitors rather than a complete prohibition on competition or geographic or technology sector restrictions.",0.47872340425531923,True,True,True,False
"ATHENSBANCSHARESCORP_11_02_2009-EX-1.2-AGENCY AGREEMENT , 2009",Agreement Date,"The date of the contract is November 2, 2009, as indicated in the excerpts provided. [1]",0.14285714285714288,False,True,False,False
LIMEENERGYCO_09_09_1999-EX-10-DISTRIBUTOR AGREEMENT,No-Solicit Of Customers,"[1] [3] 

Based on the excerpts, a party is restricted from soliciting or hiring any executive, managerial, or technical employee of the other party for 12 months after the agreement ends [3]. Additionally, a party is not allowed to directly or indirectly solicit or hire any current or prospective customers, suppliers, or distributors of the other party during the term of the agreement and for 18 months thereafter [1] [3]. There is also a restriction on interfering with or disrupting the business relations between the parties and their customers, suppliers, or distributors during the term of the agreement and for 18 months thereafter [1] [3].",0.32,True,True,True,False
GAINSCOINC_01_21_2010-EX-10.41-SPONSORSHIP AGREEMENT,Governing Law,"[1] [2] [3] The Agreement shall be governed and construed in accordance with the internal laws of the State of Texas, without giving effect to principles of conflict of laws. [2]",0.9056603773584904,True,True,True,False
CHANGEPOINTCORP_03_08_2000-EX-10.6-LICENSE AND HOSTING AGREEMENT,Uncapped Liability,"Based on the excerpts provided, there is no explicit statement regarding uncapped liability for a breach of the contract, including for IP infringement or breach of confidentiality. The excerpts mention warranties, disclaimers, and indemnification, but do not specify uncapped liability for any particular type of breach. Therefore, I don't know if the liability is uncapped upon the breach of its obligation in the contract.",0.25196850393700787,False,False,False,True
CoherusBiosciencesInc_20200227_10-K_EX-10.29_12021376_EX-10.29_Development Agreement,Minimum Commitment,"I don't know. The provided excerpts do not contain information about minimum order sizes, minimum amounts, or units per-time period that one party must buy from the counterparty under the contract.",0.08771929824561404,False,False,False,True
"IPAYMENT,INC_05_14_2007-EX-10.1-SPONSORSHIP AGREEMENT",Anti-Assignment,"Based on the excerpts provided, there is no explicit mention of consent or notice required for assignment to a third party in the IPAYMENT, INC_05_14_2007-EX-10.1-SPONSORSHIP AGREEMENT [2]. The agreement does not contain a specific clause regarding assignment to third parties. Therefore, I don't know if consent or notice is required for such an assignment based solely on the information given.",0.1818181818181818,False,True,False,True
BUFFALOWILDWINGSINC_06_05_1998-EX-10.3-FRANCHISE AGREEMENT,Non-Compete,"Yes, there are restrictions on the ability of a party to compete with the counterparty or operate in a certain geography or business sector. Specifically, [2] states that the franchisee agrees not to operate or lease franchise a Buffalo Wild Wings or bw-3 Restaurant within the designated area without prior written approval. Additionally, [1] mentions an in-term covenant not-to-compete where the franchisee agrees not to engage in certain businesses, including any restaurant business, any prepared food business, or any other business, during the operation of the franchise.",0.2564102564102564,False,True,False,False
SUNTRONCORP_05_17_2006-EX-10.22-MAINTENANCE AGREEMENT,Minimum Commitment,"I don't know.

The provided excerpts do not contain any specific information about minimum order sizes, minimum amounts, or units per time period that one party must buy from the counterparty under the SUNTRONCORP_05_17_2006-EX-10.22-MAINTENANCE AGREEMENT.",0.16091954022988506,False,False,False,True
LejuHoldingsLtd_20140121_DRS (on F-1)_EX-10.26_8473102_EX-10.26_Content License Agreement2,Governing Law,"[2] indicates that the contract is governed by the laws of the PRC (People's Republic of China), without regard to conflicts of law principles. [3] also confirms this by stating that the Termination Agreement shall be governed by the laws of the PRC.",0.6296296296296297,True,True,True,False
"ASHWORTHINC_01_29_1999-EX-10.(D)-PROMOTION AGREEMENT AND NANTZ COMMUNICATIONS, INC.",Volume Restriction,"Yes, there is a fee increase or consent requirement if one party’s use of the product exceeds a certain threshold. According to excerpt [2], if Nantz agrees to participate in more than three store appearances in any given Contract Year, the Company shall pay Nantz Communications an additional fee of $7,500 for such additional appearance prior to or simultaneously with such appearances. [2]",0.34710743801652894,False,True,False,False
MACROGENICSINC_08_02_2013-EX-10-COLLABORATION AGREEMENT,Joint Ip Ownership,[1] [4],0.0,False,True,False,False
"IPAYMENT,INC_05_14_2007-EX-10.1-SPONSORSHIP AGREEMENT",Audit Rights,"Yes, according to Section 9 of the agreement [2], SERVICERS' employees, agents, and/or auditors are permitted to inspect ISO's books and records at SERVICERS' expense upon request and notice, provided there is a particular need.",0.34146341463414637,False,True,False,False
GluMobileInc_20070319_S-1A_EX-10.09_436630_EX-10.09_Content License Agreement2,Exclusivity,I don't know. The provided excerpts do not contain information about an exclusive dealing commitment with GluMobileInc or any other company.,0.02941176470588235,False,False,False,True
GOLDRESOURCECORP_12_11_2008-EX-10.1-STRATEGIC ALLIANCE AGREEMENT,Rofr/Rofo/Rofn,"[4] mentions a ""Right of First Offer"" in the context of the HOC Entities, but it is not explicitly described as a right of first refusal, right of first offer, or right of first negotiation for equity interest, technology, assets, products, or services. It seems to be related to the Company's obligations regarding additional financing. Therefore, based on the provided excerpts, I don't have enough information to confirm the presence of a right of first refusal, right of first offer, or right of first negotiation for equity interest, technology, assets, products, or services.",0.16993464052287582,False,True,False,False
VnueInc_20150914_8-K_EX-10.1_9259571_EX-10.1_Promotion Agreement,Agreement Date,"The date of the contract is September 10, 2015, as stated in [1].",0.42857142857142855,True,True,True,False
ArtaraTherapeuticsInc_20200110_8-K_EX-10.5_11943350_EX-10.5_License Agreement,License Grant,"[1] mentions a ""Sponsored Research and License Agreement"" between ArTara and The University of Iowa, indicating that a license is part of the agreement. Therefore, the contract does contain a license granted by one party to its counterparty. [1]",0.18181818181818182,False,True,False,False
"BELLICUMPHARMACEUTICALS,INC_05_07_2019-EX-10.1-Supply Agreement",Non-Transferable License,"The contract does not explicitly limit the ability of a party to transfer the license being granted to a third party. However, it does specify limitations on the transfer of Miltenyi Products. According to the agreement, Miltenyi Products can only be transferred to Bellicum Subcontractors or Licensees for the Permitted Use or for training or validation purposes in connection with Bellicum's development and commercialization of Bellicum Products [1][2]. There is no explicit mention of transferring the license itself to a third party, only the transfer of the products under certain conditions.",0.31932773109243695,True,True,False,False
ENTERTAINMENTGAMINGASIAINC_02_15_2005-EX-10.5-DISTRIBUTOR AGREEMENT,Non-Compete,"No, the excerpt from ENTERTAINMENTGAMINGASIAINC_02_15_2005-EX-10.5-DISTRIBUTOR AGREEMENT does not contain any specific restrictions on the ability of a party to compete with the counterparty or operate in a certain geography or business or technology sector. [3] discusses a non-compete clause but it is for a different agreement and involves Hyperion Software Corp, not Entertainment Gaming Asia Inc. [1] only outlines the basic terms of the agreement without specific non-compete clauses.",0.13333333333333333,False,True,False,False
"DUOSTECHNOLOGIESGROUP,INC_04_21_2009-EX-10.1-STRATEGIC ALLIANCE AGREEMENT",Parties,"The two parties who signed the contract are Information Systems Associates, Inc. and Rubicon Software Group plc. This can be seen in excerpt [2] where it states the signatures of both parties.",0.2424242424242424,True,True,False,False
"VISIUMTECHNOLOGIES,INC_10_20_2004-EX-10.20-DISTRIBUTOR AGREEMENT",Parties,"The two parties who signed the contract are WLI (Wireless Links Inc.) and Power2Ship (Jaguar Investments, Inc. and its affiliates). [5]",0.2727272727272727,True,True,True,False
MOVADOGROUPINC_04_30_2003-EX-10.28-ENDORSEMENT AGREEMENT,Governing Law,"[1] mentions that the agreement is governed by the laws of the State of New Jersey. Therefore, the answer is the State of New Jersey.",0.24096385542168675,False,True,False,False
HPILHOLDING_01_07_2015-EX-99.1-COOPERATION AGREEMENT,Termination For Convenience,"I don't know.

The provided excerpts do not include any information from the HPILHOLDING_01_07_2015-EX-99.1-COOPERATION AGREEMENT. The excerpts are from different agreements and do not contain the specific terms regarding termination without cause from the requested document.",0.07407407407407407,False,False,False,True
"KNOWLABS,INC_08_15_2005-EX-10-INTELLECTUAL PROPERTY AGREEMENT",Parties,[1] The two parties who signed the contract are VISUALANT INCORPORATED and KENNETH TURPIN.,0.2857142857142857,True,True,True,False
"BERKELEYLIGHTS,INC_06_26_2020-EX-10.12-COLLABORATION AGREEMENT",Insurance,"Yes, there is a requirement for insurance that must be maintained by one party for the benefit of the counterparty. According to excerpt [1], each party is required to obtain and carry insurance in full force and effect, with the insurance being primary with respect to each party's own participation under the agreement. The insurance must be issued by a recognized insurer rated by A.M. Best ""A-VII"" (or better) or an insurer pre-approved in writing by the other party. [1]",0.5964912280701755,True,True,True,False
"FTENETWORKS,INC_02_18_2016-EX-99.4-STRATEGIC ALLIANCE AGREEMENT",Parties,"The two parties who signed the contract are EDGE Communications Solutions, LLC and FTE Networks, Inc. [5]",0.125,True,True,False,False
MidwestEnergyEmissionsCorp_20080604_8-K_EX-10.2_3093976_EX-10.2_Content License Agreement,Document Name,"The name of the contract is ""Content License Agreement"" [1, 2, 3, 4, 5].",0.4,True,False,False,False
WEBHELPCOMINC_03_22_2000-EX-10.8-HOSTING AGREEMENT,Cap On Liability,"I don't know.

The provided excerpts do not contain any information related to WEBHELPCOMINC_03_22_2000-EX-10.8-HOSTING AGREEMENT, specifically regarding caps on liability for breach of obligations, time limitations for bringing claims, or maximum amounts for recovery.",0.20689655172413793,False,False,False,True
LegacyEducationAllianceInc_20200330_10-K_EX-10.18_12090678_EX-10.18_Development Agreement,Minimum Commitment,"I don't know.

The provided excerpts do not contain any information about a minimum order size or minimum amount of units per time period that one party must buy from the counterparty under the contract. The excerpts from BellringBrandsInc_20190920_S-1_EX-10.12_11817081_EX-10.12_Manufacturing Agreement mention a minimum order size, but this is not from the LegacyEducationAllianceInc_20200330_10-K_EX-10.18_12090678_EX-10.18_Development Agreement.",0.08421052631578947,False,False,False,True
GarrettMotionInc_20181001_8-K_EX-2.4_11364532_EX-2.4_Intellectual Property Agreement,Change Of Control,"Based on the excerpts provided, specifically from [4], it does not explicitly state that one party has the right to terminate the agreement if the other party undergoes a change of control such as a merger, stock sale, transfer of all or substantially all of its assets or business, or assignment by operation of law. Instead, it mentions that consent is required for such actions [4, excerpt 4.1]. However, it does not directly address the termination rights in these scenarios. Therefore, I don't know if consent or notice is required from the counterparty for termination in such cases.",0.27777777777777773,False,True,False,True
VERSOTECHNOLOGIESINC_12_28_2007-EX-99.3-INTELLECTUAL PROPERTY AGREEMENT,Document Name,INTELLECTUAL PROPERTY AGREEMENT [1],0.8571428571428571,True,True,True,False
AlliedEsportsEntertainmentInc_20190815_8-K_EX-10.19_11788293_EX-10.19_Content License Agreement,License Grant,"Yes, the contract contains a license granted by one party to its counterparty. Specifically, excerpt [1] mentions ""Licensed Property"" and details marks licensed from WPT and Zynga to AlliedEsportsEntertainmentInc. [1]",0.21739130434782608,False,True,False,False
"GIGGLESN_HUGS,INC_06_23_2016-EX-10.2-STRATEGIC ALLIANCE AGREEMENT",Agreement Date,"The date of the contract is May 17, 2016 [1].",0.5454545454545454,True,True,True,False
HUBEIMINKANGPHARMACEUTICALLTD_09_19_2006-EX-10.1-OUTSOURCING AGREEMENT,Parties,I don't know. The excerpt provided does not contain information about the parties who signed the contract.,0.0,False,False,False,True
"PACIRA PHARMACEUTICALS, INC. - A_R STRATEGIC LICENSING, DISTRIBUTION AND MARKETING AGREEMENT",Irrevocable Or Perpetual License,"[3] mentions that ""the Trademark license granted under Section 2.3 shall continue in effect following such termination on a perpetual basis"". This indicates that there is a perpetual license granted in the agreement.

Excerpt [3]: ""the Trademark license granted under Section 2.3 shall continue in effect following such termination on a perpetual basis and EKR shall be responsible for all costs associated with the maintenance of such""

Therefore, the answer is yes, the contract contains a license grant that is irrevocable (perpetual). [1]",0.2556390977443609,False,True,False,False
ImpresseCorp_20000322_S-1A_EX-10.11_5199234_EX-10.11_Co-Branding Agreement,Post-Termination Services,"Yes, a party is subject to certain obligations after the termination or expiration of the contract. Specifically, [5] states that following expiration or termination of the agreement, the terms and provisions of Article 4 [THE COMMERCIAL TERMS] shall continue to govern Impresse's payment obligations for any payment obligations accruing during the term of the agreement. Additionally, Impresse is required to provide VerticalNet with a final accounting and tender payment of amounts due under Article 4 at the next scheduled payment date [5].",0.2380952380952381,False,True,False,False
AimmuneTherapeuticsInc_20200205_8-K_EX-10.3_11967170_EX-10.3_Development Agreement,License Grant,"Yes, the contract contains a license granted by one party to its counterparty. This is evident from the recitals stating that ""Xencor wishes to grant a license to Aimmune under certain intellectual property rights related to the Antibody to develop, manufacture and commercialize the Product, and Aimmune wishes to take such license"" [1].",0.14035087719298245,True,True,False,False
LejuHoldingsLtd_20140121_DRS (on F-1)_EX-10.26_8473102_EX-10.26_Content License Agreement1,Non-Transferable License,"Yes, the contract limits the ability of a party to transfer the license being granted to a third party. According to excerpt [1], the license is ""non-transferable (except as set forth in Section 10.7)"" [1].",0.22950819672131148,False,True,False,False
PhasebioPharmaceuticalsInc_20200330_10-K_EX-10.21_12086810_EX-10.21_Development Agreement,Insurance,"Yes, there are requirements for insurance that must be maintained by one party for the benefit of the counterparty. Specifically, [1] states that each party will include the other party and its Affiliates as additional insured parties on such party's Clinical Trial Liability insurance. Additionally, [4] mentions that Professional Liability Insurance must be obtained by any subcontractor providing professional services for the Clinical Trials, with coverage maintained for a certain period after the later of the agreement's termination or the release of the last subject from the Clinical Trials.",0.3116883116883117,False,True,False,False
DigitalCinemaDestinationsCorp_20111220_S-1_EX-10.10_7346719_EX-10.10_Affiliate Agreement,Ip Ownership Assignment,"Based on the provided excerpts, there is no explicit statement indicating that intellectual property created by one party becomes the property of the counterparty either per the terms of the contract or upon the occurrence of certain events. The excerpts mention licensing of certain marks [5], but do not discuss the transfer of intellectual property rights in general. Therefore, I don't know if intellectual property created by one party becomes the property of the counterparty under this agreement.",0.14814814814814814,False,True,False,True
IdeanomicsInc_20160330_10-K_EX-10.26_9512211_EX-10.26_Content License Agreement,Parties,"The two parties who signed the contract are:

- Licensor: Beijing Sun Seven Stars Culture Development Limited, represented by Bruno Wu, Chairman & CEO.
- Licensee: YOU ON DEMAND HOLDINGS, INC., represented by Shane McMahon, Chairman. [1]",0.06060606060606061,False,True,False,False
AURASYSTEMSINC_06_16_2010-EX-10.25-STRATEGIC ALLIANCE AGREEMENT,Cap On Liability,"I don't know.

The provided excerpts do not contain specific information about a liability cap in the AURASYSTEMSINC_06_16_2010-EX-10.25-STRATEGIC ALLIANCE AGREEMENT. The excerpts from other agreements discuss liability caps and limitations, but they do not provide the specific details requested for the AURASYSTEMSINC agreement.",0.1098901098901099,False,False,False,True
AIRSPANNETWORKSINC_04_11_2000-EX-10.5-Distributor Agreement,Post-Termination Services,"Based on the provided excerpts, there is no explicit mention of post-termination transition, payment, transfer of IP, wind-down, last-buy, or similar commitments. However, some relevant excerpts that imply ongoing obligations include:

- Excerpt [10.13] states, ""The obligations of this Section 10 shall survive the expiration or termination of this Agreement."" This suggests that certain obligations continue after the agreement ends.

- Excerpt [10.5] mentions returning or destroying Confidential Information upon request, indicating a post-termination obligation.

Given these excerpts, it can be inferred that there are obligations that survive the termination or expiration of the agreement, but specific details about post-termination transition, payment, transfer of IP, wind-down, last-buy, or similar commitments are not provided. [10.13, 10.5]",0.109375,False,False,False,False
"IOVANCEBIOTHERAPEUTICS,INC_08_03_2017-EX-10.1-STRATEGIC ALLIANCE AGREEMENT",Governing Law,[1],0.0,True,True,True,False
KINGPHARMACEUTICALSINC_08_09_2006-EX-10.1-PROMOTION AGREEMENT,Cap On Liability,"I don't know.

The excerpts provided do not contain specific information about a cap on liability upon the breach of a party's obligation, including time limitations for bringing claims or maximum amounts for recovery. The excerpts discuss notification and indemnification provisions but do not explicitly mention a liability cap or limitation period.",0.16304347826086957,False,False,False,True
"Sonos, Inc. - Manufacturing Agreement",Notice Period To Terminate Renewal,"Based on the information provided in the excerpts, there is no specific mention of a notice period required to terminate a renewal. Therefore, I don't know the exact notice period required to terminate a renewal in this context.",0.1846153846153846,False,False,False,True
"CARDAX,INC_08_19_2014-EX-10.1-COLLABORATION AGREEMENT",License Grant,"[3] mentions that CARDAX and CAPSUGEL will develop a product and that ""CARDAX acknowledges that it shall be solely and fully authorized to do business wherever necessary to fulfill the terms and conditions of this Agreement."" This suggests that CARDAX is granted the right to use certain intellectual property or business rights to fulfill the agreement, but it does not explicitly state a license granted by one party to the other. Therefore, based on the provided excerpts, I don't know if the contract explicitly contains a license granted by one party to its counterparty.",0.21666666666666667,True,True,True,True
VITAMINSHOPPECOMINC_09_13_1999-EX-10.26-SPONSORSHIP AGREEMENT,License Grant,"Yes, the contract contains a license granted by one party to its counterparty. Specifically, [4] states: ""Each party hereby grants to the other a non-exclusive, limited license to use its trademarks, service marks or trade names only as specifically described in this Agreement.""",0.29411764705882354,False,True,False,False
URSCORPNEW_03_17_2014-EX-99-COOPERATION AGREEMENT,Non-Disparagement,"I don't know.

The excerpts provided do not contain any specific clause related to a requirement on a party not to disparage the counterparty. The closest related content is found in excerpts [2] and [3] from HC2HOLDINGS,INC_05_14_2020-EX-10.1-COOPERATION AGREEMENT, but these are from a different document and do not directly pertain to URSCORPNEW_03_17_2014-EX-99-COOPERATION AGREEMENT.",0.1379310344827586,False,True,False,True
CoherusBiosciencesInc_20200227_10-K_EX-10.29_12021376_EX-10.29_Development Agreement,Revenue/Profit Sharing,"Based on the provided excerpts, there is no explicit mention of one party being required to share revenue or profit with the counterparty for any technology, goods, or services. The excerpts discuss non-solicitation, notices, independent contractor status, waiver provisions, and reporting requirements, but do not detail any revenue or profit-sharing arrangements. Therefore, I don't know if one party is required to share revenue or profit with the counterparty for any technology, goods, or services from the given information.",0.11363636363636362,False,False,False,True
CardlyticsInc_20180112_S-1_EX-10.16_11002987_EX-10.16_Maintenance Agreement1,Insurance,"[28.0 INDEMNITY](2) mentions insurance but does not specify which party is required to maintain it for the benefit of the other. However, [26.0 INSURANCE](3) indicates that there is a requirement for insurance. Specifically, it states:

[3] 26.0 INSURANCE

Supplier shall maintain, at its own expense, during the term of this Agreement and for a period of one (1) year thereafter, the following insurance policies in amounts and with insurers satisfactory to Bank of America:

This excerpt indicates that Supplier is required to maintain insurance for the benefit of Bank of America.",0.1188118811881188,False,True,False,False
DigitalCinemaDestinationsCorp_20111220_S-1_EX-10.10_7346719_EX-10.10_Affiliate Agreement,Volume Restriction,"Based on the provided excerpts, there is no explicit mention of a fee increase or consent requirement if one party's use of the product/services exceeds a certain threshold. Therefore, I don't know if such a provision exists in the agreement.",0.13793103448275862,False,False,False,True
"MEDALISTDIVERSIFIEDREIT,INC_05_18_2020-EX-10.1-CONSULTING AGREEMENT",Parties,"[1] The two parties who signed the contract are Gunston Consulting, LLC (""CONSULTANT"") and Medalist Diversified REIT, Inc. (""REIT"" or the ""Company"").",0.2727272727272727,True,True,True,False
MRSFIELDSORIGINALCOOKIESINC_01_29_1998-EX-10-FRANCHISE AGREEMENT,Non-Compete,"Yes, there are restrictions on the ability of a party to compete with the counterparty or operate in a certain geography or business. Specifically, [1] mentions a covenant not to compete which restricts the Franchisee and its Owners from having any direct or indirect interest in a Competitive Business located at the Site or within three (3) miles of any Pretzel Time Unit in operation or under development on the effective date of termination or expiration of the Agreement. This restriction applies for a period of one year after the termination or expiration of the agreement, except for the ownership of certain securities listed on a stock exchange or traded on the over-the-counter market that represent two percent (2%) or less of the number of shares of that class of securities issued and outstanding.",0.20540540540540544,False,True,False,False
"ON2TECHNOLOGIES,INC_11_17_2006-EX-10.3-SUPPORT AND MAINTENANCE AGREEMENT",Document Name,The name of the contract is SUPPORT AND MAINTENANCE AGREEMENT [1].,0.6153846153846153,True,True,True,False
TELEGLOBEINTERNATIONALHOLDINGSLTD_03_29_2004-EX-10.10-CONSTRUCTION AND MAINTENANCE AGREEMENT,Parties,"Based on the information provided in the excerpts, the parties who signed the contract are identified in Schedule A. However, the specific names of the parties are not listed in the given excerpts. The excerpts do mention some of the initial parties in paragraph (h) of Exhibit 10.10, but the full list is in Schedule A. Therefore, I don't know the exact two or more parties who signed the contract without access to Schedule A.",0.0,False,False,False,True
UpjohnInc_20200121_10-12G_EX-2.6_11948692_EX-2.6_Manufacturing Agreement_ Supply Agreement,Minimum Commitment,"[2] mentions that ""Customer shall be required to order -16-"" pursuant to a Purchase Order at least the amount of Product set forth in the Firm Order for such Product in the applicable calendar month. This suggests there is a minimum order size or minimum amount per time period that the Customer must buy from the Manufacturer. However, the exact quantity is not specified in the provided excerpt.",0.525,True,True,True,False
HEALTHGATEDATACORP_11_24_1999-EX-10.1-HOSTING AND MANAGEMENT AGREEMENT (1),Parties,"The two parties who signed the contract are HealthGate Data Corp. (""HealthGate"") and Blackwell Science Limited along with Munksgaard A/S (""the Publishers""). [1]",0.2608695652173913,True,True,True,False
ENERGOUSCORP_03_16_2017-EX-10.24-STRATEGIC ALLIANCE AGREEMENT,Uncapped Liability,"[1] [2] [5]

Based on the excerpts provided, the liability of the parties is capped in certain scenarios. Specifically:

- For breaches of confidentiality (Section 12.1(a)), the liability is not uncapped [1].
- For IP infringement or misappropriation, the liability is capped as stated in Section 12.2 [2] and [5].
- For other breaches, the liability is also capped, as indicated in Section 12.2 [2].

Therefore, the liability is not uncapped for breaches of confidentiality or IP infringement. The limitations of liability are independent from other provisions and will apply even if one remedy provided in the agreement fails.",0.23529411764705885,True,True,True,False
"HALITRON,INC_03_01_2005-EX-10.15-SPONSORSHIP AND DEVELOPMENT AGREEMENT",Revenue/Profit Sharing,"I don't know. The provided excerpts do not contain information about revenue or profit sharing for technology, goods, or services between the parties.",0.05128205128205128,False,False,False,True
